日期	账户ID	账户	推广计划ID	推广计划	推广单元ID	推广单元	地域ID	地域	展现量	点击量	消费	平均点击价格
2014-08-21	7034363	baidu-房多多-上海8131931	16690006	昆明-实力壹方城-全国	536529179	城市竞品词	1000	北京	5	1	5.99	5.99
2014-08-21	7034363	baidu-房多多-上海8131931	16690042	昆明-实力壹方城-通用	534807448	通用词	1000	北京	9	0	0.00	0.00
2014-08-21	7034363	baidu-房多多-上海8131931	16792022	昆明-实力壹方城-本地	534805939	竞品词	1000	北京	5	0	0.00	0.00
2014-08-21	7034363	baidu-房多多-上海8131931	16792022	昆明-实力壹方城-本地	534805945	区域板块	1000	北京	1	0	0.00	0.00
2014-08-21	7034363	baidu-房多多-上海8131931	16792140	昆明-东盟森林-本地	536090612	品牌词	1000	北京	1	0	0.00	0.00
2014-08-21	7034363	baidu-房多多-上海8131931	16792143	昆明-东盟森林-全国	536090603	城市竞品词	1000	北京	13	0	0.00	0.00
2014-08-21	7034363	baidu-房多多-上海8131931	16792146	昆明-东盟森林-通用	536090600	城市通用词	1000	北京	25	5	16.91	3.38
2014-08-21	7034363	baidu-房多多-上海8131931	18543180	北京-一渡新新小镇-通用	632240106	通用词-精确	1000	北京	2493	42	176.65	4.21
2014-08-21	7034363	baidu-房多多-上海8131931	18543180	北京-一渡新新小镇-通用	632240109	物业词-精确	1000	北京	224	21	71.16	3.39
2014-08-21	7034363	baidu-房多多-上海8131931	18543180	北京-一渡新新小镇-通用	632240112	通用词-短语	1000	北京	5479	159	446.83	2.81
2014-08-21	7034363	baidu-房多多-上海8131931	18543180	北京-一渡新新小镇-通用	632240118	户型词-短语	1000	北京	2	0	0.00	0.00
2014-08-21	7034363	baidu-房多多-上海8131931	18543180	北京-一渡新新小镇-通用	632240142	房价词-精确	1000	北京	268	6	24.40	4.07
2014-08-21	7034363	baidu-房多多-上海8131931	18543180	北京-一渡新新小镇-通用	632240145	房价词-短语	1000	北京	194	1	2.17	2.17
2014-08-21	7034363	baidu-房多多-上海8131931	18543180	北京-一渡新新小镇-通用	632240151	配套词-短语	1000	北京	3	1	2.95	2.95
2014-08-21	7034363	baidu-房多多-上海8131931	18543180	北京-一渡新新小镇-通用	632240154	物业词-短语	1000	北京	58	1	2.85	2.85
2014-08-21	7034363	baidu-房多多-上海8131931	18543183	北京-一渡新新小镇-全国	632240133	区域词-短语	1000	北京	38	2	6.31	3.16
2014-08-21	7034363	baidu-房多多-上海8131931	18543183	北京-一渡新新小镇-全国	632240139	区域词-精确	1000	北京	15	3	15.78	5.26
2014-08-21	7034363	baidu-房多多-上海8131931	18543183	北京-一渡新新小镇-全国	632240187	品牌词-精确	1000	北京	8	0	0.00	0.00
2014-08-21	7034363	baidu-房多多-上海8131931	18543183	北京-一渡新新小镇-全国	632240190	品牌词-短语	1000	北京	22	2	6.15	3.08
2014-08-21	7034363	baidu-房多多-上海8131931	18543183	北京-一渡新新小镇-全国	632240196	竞品词-短语	1000	北京	115	11	43.42	3.95
2014-08-21	7034363	baidu-房多多-上海8131931	18543183	北京-一渡新新小镇-全国	632240199	竞品词-精确	1000	北京	227	17	55.79	3.28
2014-08-21	7034363	baidu-房多多-上海8131931	18543186	北京-一渡新新小镇-本地	632240160	品牌词-精确	1000	北京	77	11	55.33	5.03
2014-08-21	7034363	baidu-房多多-上海8131931	18543186	北京-一渡新新小镇-本地	632240163	品牌词-短语	1000	北京	106	7	29.98	4.28
2014-08-21	7034363	baidu-房多多-上海8131931	18543186	北京-一渡新新小镇-本地	632240169	竞品词-精确	1000	北京	728	56	268.56	4.80
2014-08-21	7034363	baidu-房多多-上海8131931	18543186	北京-一渡新新小镇-本地	632240172	竞品词-短语	1000	北京	531	83	383.56	4.62
2014-08-21	7034363	baidu-房多多-上海8131931	18543186	北京-一渡新新小镇-本地	632240178	区域词-精确	1000	北京	51	3	16.87	5.62
2014-08-21	7034363	baidu-房多多-上海8131931	18543186	北京-一渡新新小镇-本地	632240181	区域词-短语	1000	北京	337	17	78.06	4.59
2014-08-21	7034363	baidu-房多多-上海8131931	16690006	昆明-实力壹方城-全国	536529176	城市区域板块	2000	上海	1	0	0.00	0.00
2014-08-21	7034363	baidu-房多多-上海8131931	16690006	昆明-实力壹方城-全国	536529179	城市竞品词	2000	上海	2	0	0.00	0.00
2014-08-21	7034363	baidu-房多多-上海8131931	16690042	昆明-实力壹方城-通用	534807448	通用词	2000	上海	9	1	2.17	2.17
2014-08-21	7034363	baidu-房多多-上海8131931	16792022	昆明-实力壹方城-本地	534805939	竞品词	2000	上海	2	0	0.00	0.00
2014-08-21	7034363	baidu-房多多-上海8131931	16792022	昆明-实力壹方城-本地	534805945	区域板块	2000	上海	2	0	0.00	0.00
2014-08-21	7034363	baidu-房多多-上海8131931	16792143	昆明-东盟森林-全国	536090603	城市竞品词	2000	上海	10	0	0.00	0.00
2014-08-21	7034363	baidu-房多多-上海8131931	16792146	昆明-东盟森林-通用	536090600	城市通用词	2000	上海	10	1	0.84	0.84
2014-08-21	7034363	baidu-房多多-上海8131931	18543180	北京-一渡新新小镇-通用	632240106	通用词-精确	2000	上海	38	0	0.00	0.00
2014-08-21	7034363	baidu-房多多-上海8131931	18543180	北京-一渡新新小镇-通用	632240109	物业词-精确	2000	上海	3	0	0.00	0.00
2014-08-21	7034363	baidu-房多多-上海8131931	18543180	北京-一渡新新小镇-通用	632240112	通用词-短语	2000	上海	291	2	6.41	3.20
2014-08-21	7034363	baidu-房多多-上海8131931	18543180	北京-一渡新新小镇-通用	632240142	房价词-精确	2000	上海	8	0	0.00	0.00
2014-08-21	7034363	baidu-房多多-上海8131931	18543180	北京-一渡新新小镇-通用	632240145	房价词-短语	2000	上海	11	0	0.00	0.00
2014-08-21	7034363	baidu-房多多-上海8131931	18543180	北京-一渡新新小镇-通用	632240154	物业词-短语	2000	上海	1	0	0.00	0.00
2014-08-21	7034363	baidu-房多多-上海8131931	18543183	北京-一渡新新小镇-全国	632240187	品牌词-精确	2000	上海	1	0	0.00	0.00
2014-08-21	7034363	baidu-房多多-上海8131931	18543183	北京-一渡新新小镇-全国	632240199	竞品词-精确	2000	上海	12	2	6.58	3.29
2014-08-21	7034363	baidu-房多多-上海8131931	18543186	北京-一渡新新小镇-本地	632240181	区域词-短语	2000	上海	10	0	0.00	0.00
2014-08-21	7034363	baidu-房多多-上海8131931	16690006	昆明-实力壹方城-全国	536529179	城市竞品词	3000	天津	1	0	0.00	0.00
2014-08-21	7034363	baidu-房多多-上海8131931	16792022	昆明-实力壹方城-本地	534805945	区域板块	3000	天津	1	0	0.00	0.00
2014-08-21	7034363	baidu-房多多-上海8131931	16792143	昆明-东盟森林-全国	536090603	城市竞品词	3000	天津	1	0	0.00	0.00
2014-08-21	7034363	baidu-房多多-上海8131931	16792146	昆明-东盟森林-通用	536090600	城市通用词	3000	天津	3	1	1.41	1.41
2014-08-21	7034363	baidu-房多多-上海8131931	18543180	北京-一渡新新小镇-通用	632240106	通用词-精确	3000	天津	50	1	4.69	4.69
2014-08-21	7034363	baidu-房多多-上海8131931	18543180	北京-一渡新新小镇-通用	632240109	物业词-精确	3000	天津	2	1	2.97	2.97
2014-08-21	7034363	baidu-房多多-上海8131931	18543180	北京-一渡新新小镇-通用	632240112	通用词-短语	3000	天津	190	9	25.87	2.87
2014-08-21	7034363	baidu-房多多-上海8131931	18543180	北京-一渡新新小镇-通用	632240142	房价词-精确	3000	天津	13	1	2.04	2.04
2014-08-21	7034363	baidu-房多多-上海8131931	18543180	北京-一渡新新小镇-通用	632240145	房价词-短语	3000	天津	17	0	0.00	0.00
2014-08-21	7034363	baidu-房多多-上海8131931	18543183	北京-一渡新新小镇-全国	632240133	区域词-短语	3000	天津	1	0	0.00	0.00
2014-08-21	7034363	baidu-房多多-上海8131931	18543183	北京-一渡新新小镇-全国	632240139	区域词-精确	3000	天津	1	1	5.21	5.21
2014-08-21	7034363	baidu-房多多-上海8131931	18543183	北京-一渡新新小镇-全国	632240199	竞品词-精确	3000	天津	7	0	0.00	0.00
2014-08-21	7034363	baidu-房多多-上海8131931	18543186	北京-一渡新新小镇-本地	632240163	品牌词-短语	3000	天津	1	0	0.00	0.00
2014-08-21	7034363	baidu-房多多-上海8131931	18543186	北京-一渡新新小镇-本地	632240181	区域词-短语	3000	天津	14	1	5.40	5.40
2014-08-21	7034363	baidu-房多多-上海8131931	16690006	昆明-实力壹方城-全国	536529176	城市区域板块	4000	广东	2	0	0.00	0.00
2014-08-21	7034363	baidu-房多多-上海8131931	16690006	昆明-实力壹方城-全国	536529179	城市竞品词	4000	广东	22	0	0.00	0.00
2014-08-21	7034363	baidu-房多多-上海8131931	16690042	昆明-实力壹方城-通用	534807448	通用词	4000	广东	12	0	0.00	0.00
2014-08-21	7034363	baidu-房多多-上海8131931	16792022	昆明-实力壹方城-本地	534805939	竞品词	4000	广东	5	0	0.00	0.00
2014-08-21	7034363	baidu-房多多-上海8131931	16792022	昆明-实力壹方城-本地	534805945	区域板块	4000	广东	9	0	0.00	0.00
2014-08-21	7034363	baidu-房多多-上海8131931	16792140	昆明-东盟森林-本地	536090594	竞品词	4000	广东	5	0	0.00	0.00
2014-08-21	7034363	baidu-房多多-上海8131931	16792140	昆明-东盟森林-本地	536090612	品牌词	4000	广东	3	0	0.00	0.00
2014-08-21	7034363	baidu-房多多-上海8131931	16792143	昆明-东盟森林-全国	536090603	城市竞品词	4000	广东	79	2	12.27	6.14
2014-08-21	7034363	baidu-房多多-上海8131931	16792143	昆明-东盟森林-全国	536090606	城市品牌词	4000	广东	3	1	6.52	6.52
2014-08-21	7034363	baidu-房多多-上海8131931	16792146	昆明-东盟森林-通用	536090600	城市通用词	4000	广东	58	0	0.00	0.00
2014-08-21	7034363	baidu-房多多-上海8131931	18543180	北京-一渡新新小镇-通用	632240106	通用词-精确	4000	广东	89	4	13.92	3.48
2014-08-21	7034363	baidu-房多多-上海8131931	18543180	北京-一渡新新小镇-通用	632240109	物业词-精确	4000	广东	5	1	3.09	3.09
2014-08-21	7034363	baidu-房多多-上海8131931	18543180	北京-一渡新新小镇-通用	632240112	通用词-短语	4000	广东	690	12	34.54	2.88
2014-08-21	7034363	baidu-房多多-上海8131931	18543180	北京-一渡新新小镇-通用	632240142	房价词-精确	4000	广东	24	1	2.41	2.41
2014-08-21	7034363	baidu-房多多-上海8131931	18543180	北京-一渡新新小镇-通用	632240145	房价词-短语	4000	广东	29	0	0.00	0.00
2014-08-21	7034363	baidu-房多多-上海8131931	18543183	北京-一渡新新小镇-全国	632240133	区域词-短语	4000	广东	2	0	0.00	0.00
2014-08-21	7034363	baidu-房多多-上海8131931	18543183	北京-一渡新新小镇-全国	632240196	竞品词-短语	4000	广东	2	2	8.10	4.05
2014-08-21	7034363	baidu-房多多-上海8131931	18543183	北京-一渡新新小镇-全国	632240199	竞品词-精确	4000	广东	8	1	3.93	3.93
2014-08-21	7034363	baidu-房多多-上海8131931	18543186	北京-一渡新新小镇-本地	632240172	竞品词-短语	4000	广东	4	1	4.70	4.70
2014-08-21	7034363	baidu-房多多-上海8131931	18543186	北京-一渡新新小镇-本地	632240181	区域词-短语	4000	广东	10	0	0.00	0.00
2014-08-21	7034363	baidu-房多多-上海8131931	16690006	昆明-实力壹方城-全国	536529179	城市竞品词	5000	福建	2	0	0.00	0.00
2014-08-21	7034363	baidu-房多多-上海8131931	16690042	昆明-实力壹方城-通用	534807448	通用词	5000	福建	3	0	0.00	0.00
2014-08-21	7034363	baidu-房多多-上海8131931	16792143	昆明-东盟森林-全国	536090603	城市竞品词	5000	福建	5	0	0.00	0.00
2014-08-21	7034363	baidu-房多多-上海8131931	16792146	昆明-东盟森林-通用	536090600	城市通用词	5000	福建	13	1	0.64	0.64
2014-08-21	7034363	baidu-房多多-上海8131931	18543180	北京-一渡新新小镇-通用	632240106	通用词-精确	5000	福建	37	2	8.38	4.19
2014-08-21	7034363	baidu-房多多-上海8131931	18543180	北京-一渡新新小镇-通用	632240109	物业词-精确	5000	福建	1	1	3.17	3.17
2014-08-21	7034363	baidu-房多多-上海8131931	18543180	北京-一渡新新小镇-通用	632240112	通用词-短语	5000	福建	178	3	9.17	3.06
2014-08-21	7034363	baidu-房多多-上海8131931	18543180	北京-一渡新新小镇-通用	632240142	房价词-精确	5000	福建	14	0	0.00	0.00
2014-08-21	7034363	baidu-房多多-上海8131931	18543180	北京-一渡新新小镇-通用	632240145	房价词-短语	5000	福建	16	0	0.00	0.00
2014-08-21	7034363	baidu-房多多-上海8131931	18543180	北京-一渡新新小镇-通用	632240154	物业词-短语	5000	福建	1	0	0.00	0.00
2014-08-21	7034363	baidu-房多多-上海8131931	18543183	北京-一渡新新小镇-全国	632240133	区域词-短语	5000	福建	2	0	0.00	0.00
2014-08-21	7034363	baidu-房多多-上海8131931	18543183	北京-一渡新新小镇-全国	632240139	区域词-精确	5000	福建	1	0	0.00	0.00
2014-08-21	7034363	baidu-房多多-上海8131931	16690006	昆明-实力壹方城-全国	536529179	城市竞品词	200000	日本	1	0	0.00	0.00
2014-08-21	7034363	baidu-房多多-上海8131931	16690042	昆明-实力壹方城-通用	534807448	通用词	200000	日本	1	0	0.00	0.00
2014-08-21	7034363	baidu-房多多-上海8131931	16792146	昆明-东盟森林-通用	536090600	城市通用词	200000	日本	1	0	0.00	0.00
2014-08-21	7034363	baidu-房多多-上海8131931	18543180	北京-一渡新新小镇-通用	632240106	通用词-精确	200000	日本	7	0	0.00	0.00
2014-08-21	7034363	baidu-房多多-上海8131931	18543180	北京-一渡新新小镇-通用	632240109	物业词-精确	200000	日本	1	0	0.00	0.00
2014-08-21	7034363	baidu-房多多-上海8131931	18543180	北京-一渡新新小镇-通用	632240112	通用词-短语	200000	日本	24	0	0.00	0.00
2014-08-21	7034363	baidu-房多多-上海8131931	18543180	北京-一渡新新小镇-通用	632240142	房价词-精确	200000	日本	1	0	0.00	0.00
2014-08-21	7034363	baidu-房多多-上海8131931	18543186	北京-一渡新新小镇-本地	632240181	区域词-短语	200000	日本	1	0	0.00	0.00
2014-08-21	7034363	baidu-房多多-上海8131931	16690042	昆明-实力壹方城-通用	534807448	通用词	8000	海南	1	0	0.00	0.00
2014-08-21	7034363	baidu-房多多-上海8131931	18543180	北京-一渡新新小镇-通用	632240106	通用词-精确	8000	海南	6	0	0.00	0.00
2014-08-21	7034363	baidu-房多多-上海8131931	18543180	北京-一渡新新小镇-通用	632240112	通用词-短语	8000	海南	43	1	2.40	2.40
2014-08-21	7034363	baidu-房多多-上海8131931	18543180	北京-一渡新新小镇-通用	632240145	房价词-短语	8000	海南	1	0	0.00	0.00
2014-08-21	7034363	baidu-房多多-上海8131931	18543180	北京-一渡新新小镇-通用	632240154	物业词-短语	8000	海南	1	0	0.00	0.00
2014-08-21	7034363	baidu-房多多-上海8131931	18543183	北京-一渡新新小镇-全国	632240199	竞品词-精确	8000	海南	1	1	4.42	4.42
2014-08-21	7034363	baidu-房多多-上海8131931	16690006	昆明-实力壹方城-全国	536529176	城市区域板块	9000	安徽	1	0	0.00	0.00
2014-08-21	7034363	baidu-房多多-上海8131931	16792022	昆明-实力壹方城-本地	534805939	竞品词	9000	安徽	1	0	0.00	0.00
2014-08-21	7034363	baidu-房多多-上海8131931	16792022	昆明-实力壹方城-本地	534805945	区域板块	9000	安徽	1	0	0.00	0.00
2014-08-21	7034363	baidu-房多多-上海8131931	16792143	昆明-东盟森林-全国	536090603	城市竞品词	9000	安徽	5	0	0.00	0.00
2014-08-21	7034363	baidu-房多多-上海8131931	16792146	昆明-东盟森林-通用	536090600	城市通用词	9000	安徽	6	0	0.00	0.00
2014-08-21	7034363	baidu-房多多-上海8131931	18543180	北京-一渡新新小镇-通用	632240106	通用词-精确	9000	安徽	71	0	0.00	0.00
2014-08-21	7034363	baidu-房多多-上海8131931	18543180	北京-一渡新新小镇-通用	632240109	物业词-精确	9000	安徽	3	1	3.50	3.50
2014-08-21	7034363	baidu-房多多-上海8131931	18543180	北京-一渡新新小镇-通用	632240112	通用词-短语	9000	安徽	263	3	8.60	2.87
2014-08-21	7034363	baidu-房多多-上海8131931	18543180	北京-一渡新新小镇-通用	632240142	房价词-精确	9000	安徽	12	2	7.33	3.66
2014-08-21	7034363	baidu-房多多-上海8131931	18543180	北京-一渡新新小镇-通用	632240145	房价词-短语	9000	安徽	10	0	0.00	0.00
2014-08-21	7034363	baidu-房多多-上海8131931	18543183	北京-一渡新新小镇-全国	632240133	区域词-短语	9000	安徽	1	0	0.00	0.00
2014-08-21	7034363	baidu-房多多-上海8131931	18543183	北京-一渡新新小镇-全国	632240190	品牌词-短语	9000	安徽	1	0	0.00	0.00
2014-08-21	7034363	baidu-房多多-上海8131931	18543186	北京-一渡新新小镇-本地	632240181	区域词-短语	9000	安徽	10	1	4.69	4.69
2014-08-21	7034363	baidu-房多多-上海8131931	16690006	昆明-实力壹方城-全国	536529179	城市竞品词	10000	贵州	4	2	12.18	6.09
2014-08-21	7034363	baidu-房多多-上海8131931	16690042	昆明-实力壹方城-通用	534807448	通用词	10000	贵州	3	0	0.00	0.00
2014-08-21	7034363	baidu-房多多-上海8131931	16792022	昆明-实力壹方城-本地	534805939	竞品词	10000	贵州	1	0	0.00	0.00
2014-08-21	7034363	baidu-房多多-上海8131931	16792140	昆明-东盟森林-本地	536090594	竞品词	10000	贵州	2	0	0.00	0.00
2014-08-21	7034363	baidu-房多多-上海8131931	16792143	昆明-东盟森林-全国	536090603	城市竞品词	10000	贵州	16	0	0.00	0.00
2014-08-21	7034363	baidu-房多多-上海8131931	16792146	昆明-东盟森林-通用	536090600	城市通用词	10000	贵州	7	0	0.00	0.00
2014-08-21	7034363	baidu-房多多-上海8131931	18543180	北京-一渡新新小镇-通用	632240106	通用词-精确	10000	贵州	14	0	0.00	0.00
2014-08-21	7034363	baidu-房多多-上海8131931	18543180	北京-一渡新新小镇-通用	632240109	物业词-精确	10000	贵州	2	0	0.00	0.00
2014-08-21	7034363	baidu-房多多-上海8131931	18543180	北京-一渡新新小镇-通用	632240112	通用词-短语	10000	贵州	89	4	11.08	2.77
2014-08-21	7034363	baidu-房多多-上海8131931	18543180	北京-一渡新新小镇-通用	632240142	房价词-精确	10000	贵州	4	0	0.00	0.00
2014-08-21	7034363	baidu-房多多-上海8131931	18543180	北京-一渡新新小镇-通用	632240145	房价词-短语	10000	贵州	2	0	0.00	0.00
2014-08-21	7034363	baidu-房多多-上海8131931	18543180	北京-一渡新新小镇-通用	632240154	物业词-短语	10000	贵州	1	0	0.00	0.00
2014-08-21	7034363	baidu-房多多-上海8131931	18543186	北京-一渡新新小镇-本地	632240181	区域词-短语	10000	贵州	2	0	0.00	0.00
2014-08-21	7034363	baidu-房多多-上海8131931	16792143	昆明-东盟森林-全国	536090603	城市竞品词	11000	甘肃	1	0	0.00	0.00
2014-08-21	7034363	baidu-房多多-上海8131931	16792146	昆明-东盟森林-通用	536090600	城市通用词	11000	甘肃	2	0	0.00	0.00
2014-08-21	7034363	baidu-房多多-上海8131931	18543180	北京-一渡新新小镇-通用	632240106	通用词-精确	11000	甘肃	24	1	3.67	3.67
2014-08-21	7034363	baidu-房多多-上海8131931	18543180	北京-一渡新新小镇-通用	632240109	物业词-精确	11000	甘肃	1	0	0.00	0.00
2014-08-21	7034363	baidu-房多多-上海8131931	18543180	北京-一渡新新小镇-通用	632240112	通用词-短语	11000	甘肃	108	1	2.16	2.16
2014-08-21	7034363	baidu-房多多-上海8131931	18543180	北京-一渡新新小镇-通用	632240142	房价词-精确	11000	甘肃	6	0	0.00	0.00
2014-08-21	7034363	baidu-房多多-上海8131931	18543180	北京-一渡新新小镇-通用	632240145	房价词-短语	11000	甘肃	3	0	0.00	0.00
2014-08-21	7034363	baidu-房多多-上海8131931	18543186	北京-一渡新新小镇-本地	632240181	区域词-短语	11000	甘肃	4	0	0.00	0.00
2014-08-21	7034363	baidu-房多多-上海8131931	16690042	昆明-实力壹方城-通用	534807448	通用词	12000	广西	2	0	0.00	0.00
2014-08-21	7034363	baidu-房多多-上海8131931	16792140	昆明-东盟森林-本地	536090594	竞品词	12000	广西	1	0	0.00	0.00
2014-08-21	7034363	baidu-房多多-上海8131931	16792143	昆明-东盟森林-全国	536090603	城市竞品词	12000	广西	6	0	0.00	0.00
2014-08-21	7034363	baidu-房多多-上海8131931	16792146	昆明-东盟森林-通用	536090600	城市通用词	12000	广西	17	1	0.86	0.86
2014-08-21	7034363	baidu-房多多-上海8131931	18543180	北京-一渡新新小镇-通用	632240106	通用词-精确	12000	广西	20	1	3.95	3.95
2014-08-21	7034363	baidu-房多多-上海8131931	18543180	北京-一渡新新小镇-通用	632240112	通用词-短语	12000	广西	114	3	5.88	1.96
2014-08-21	7034363	baidu-房多多-上海8131931	18543180	北京-一渡新新小镇-通用	632240142	房价词-精确	12000	广西	1	1	2.55	2.55
2014-08-21	7034363	baidu-房多多-上海8131931	18543180	北京-一渡新新小镇-通用	632240145	房价词-短语	12000	广西	5	0	0.00	0.00
2014-08-21	7034363	baidu-房多多-上海8131931	18543183	北京-一渡新新小镇-全国	632240133	区域词-短语	12000	广西	3	0	0.00	0.00
2014-08-21	7034363	baidu-房多多-上海8131931	18543186	北京-一渡新新小镇-本地	632240181	区域词-短语	12000	广西	2	0	0.00	0.00
2014-08-21	7034363	baidu-房多多-上海8131931	16690006	昆明-实力壹方城-全国	536529179	城市竞品词	13000	河北	8	0	0.00	0.00
2014-08-21	7034363	baidu-房多多-上海8131931	16792022	昆明-实力壹方城-本地	534805939	竞品词	13000	河北	2	1	5.92	5.92
2014-08-21	7034363	baidu-房多多-上海8131931	16792140	昆明-东盟森林-本地	536090594	竞品词	13000	河北	2	0	0.00	0.00
2014-08-21	7034363	baidu-房多多-上海8131931	16792143	昆明-东盟森林-全国	536090603	城市竞品词	13000	河北	14	0	0.00	0.00
2014-08-21	7034363	baidu-房多多-上海8131931	16792146	昆明-东盟森林-通用	536090600	城市通用词	13000	河北	11	0	0.00	0.00
2014-08-21	7034363	baidu-房多多-上海8131931	18543180	北京-一渡新新小镇-通用	632240106	通用词-精确	13000	河北	206	1	3.55	3.55
2014-08-21	7034363	baidu-房多多-上海8131931	18543180	北京-一渡新新小镇-通用	632240109	物业词-精确	13000	河北	6	1	3.11	3.11
2014-08-21	7034363	baidu-房多多-上海8131931	18543180	北京-一渡新新小镇-通用	632240112	通用词-短语	13000	河北	790	21	52.32	2.49
2014-08-21	7034363	baidu-房多多-上海8131931	18543180	北京-一渡新新小镇-通用	632240142	房价词-精确	13000	河北	35	2	6.81	3.40
2014-08-21	7034363	baidu-房多多-上海8131931	18543180	北京-一渡新新小镇-通用	632240145	房价词-短语	13000	河北	28	0	0.00	0.00
2014-08-21	7034363	baidu-房多多-上海8131931	18543180	北京-一渡新新小镇-通用	632240154	物业词-短语	13000	河北	6	0	0.00	0.00
2014-08-21	7034363	baidu-房多多-上海8131931	18543183	北京-一渡新新小镇-全国	632240133	区域词-短语	13000	河北	14	1	2.98	2.98
2014-08-21	7034363	baidu-房多多-上海8131931	18543183	北京-一渡新新小镇-全国	632240190	品牌词-短语	13000	河北	2	0	0.00	0.00
2014-08-21	7034363	baidu-房多多-上海8131931	18543183	北京-一渡新新小镇-全国	632240199	竞品词-精确	13000	河北	2	0	0.00	0.00
2014-08-21	7034363	baidu-房多多-上海8131931	18543186	北京-一渡新新小镇-本地	632240160	品牌词-精确	13000	河北	5	0	0.00	0.00
2014-08-21	7034363	baidu-房多多-上海8131931	18543186	北京-一渡新新小镇-本地	632240163	品牌词-短语	13000	河北	14	0	0.00	0.00
2014-08-21	7034363	baidu-房多多-上海8131931	18543186	北京-一渡新新小镇-本地	632240169	竞品词-精确	13000	河北	35	4	16.79	4.20
2014-08-21	7034363	baidu-房多多-上海8131931	18543186	北京-一渡新新小镇-本地	632240172	竞品词-短语	13000	河北	25	1	5.18	5.18
2014-08-21	7034363	baidu-房多多-上海8131931	18543186	北京-一渡新新小镇-本地	632240181	区域词-短语	13000	河北	34	1	5.31	5.31
2014-08-21	7034363	baidu-房多多-上海8131931	16690006	昆明-实力壹方城-全国	536529179	城市竞品词	14000	河南	2	0	0.00	0.00
2014-08-21	7034363	baidu-房多多-上海8131931	16792022	昆明-实力壹方城-本地	534805939	竞品词	14000	河南	1	0	0.00	0.00
2014-08-21	7034363	baidu-房多多-上海8131931	16792140	昆明-东盟森林-本地	536090594	竞品词	14000	河南	1	1	6.52	6.52
2014-08-21	7034363	baidu-房多多-上海8131931	16792140	昆明-东盟森林-本地	536090612	品牌词	14000	河南	4	2	12.29	6.14
2014-08-21	7034363	baidu-房多多-上海8131931	16792143	昆明-东盟森林-全国	536090603	城市竞品词	14000	河南	22	1	6.52	6.52
2014-08-21	7034363	baidu-房多多-上海8131931	16792146	昆明-东盟森林-通用	536090600	城市通用词	14000	河南	10	3	5.77	1.92
2014-08-21	7034363	baidu-房多多-上海8131931	18543180	北京-一渡新新小镇-通用	632240106	通用词-精确	14000	河南	148	2	5.92	2.96
2014-08-21	7034363	baidu-房多多-上海8131931	18543180	北京-一渡新新小镇-通用	632240109	物业词-精确	14000	河南	6	1	2.87	2.87
2014-08-21	7034363	baidu-房多多-上海8131931	18543180	北京-一渡新新小镇-通用	632240112	通用词-短语	14000	河南	443	3	9.47	3.16
2014-08-21	7034363	baidu-房多多-上海8131931	18543180	北京-一渡新新小镇-通用	632240142	房价词-精确	14000	河南	20	0	0.00	0.00
2014-08-21	7034363	baidu-房多多-上海8131931	18543180	北京-一渡新新小镇-通用	632240145	房价词-短语	14000	河南	19	0	0.00	0.00
2014-08-21	7034363	baidu-房多多-上海8131931	18543180	北京-一渡新新小镇-通用	632240154	物业词-短语	14000	河南	6	0	0.00	0.00
2014-08-21	7034363	baidu-房多多-上海8131931	18543183	北京-一渡新新小镇-全国	632240133	区域词-短语	14000	河南	5	0	0.00	0.00
2014-08-21	7034363	baidu-房多多-上海8131931	18543183	北京-一渡新新小镇-全国	632240187	品牌词-精确	14000	河南	1	1	2.95	2.95
2014-08-21	7034363	baidu-房多多-上海8131931	18543183	北京-一渡新新小镇-全国	632240196	竞品词-短语	14000	河南	2	0	0.00	0.00
2014-08-21	7034363	baidu-房多多-上海8131931	18543183	北京-一渡新新小镇-全国	632240199	竞品词-精确	14000	河南	6	1	3.94	3.94
2014-08-21	7034363	baidu-房多多-上海8131931	18543186	北京-一渡新新小镇-本地	632240172	竞品词-短语	14000	河南	1	0	0.00	0.00
2014-08-21	7034363	baidu-房多多-上海8131931	18543186	北京-一渡新新小镇-本地	632240181	区域词-短语	14000	河南	10	0	0.00	0.00
2014-08-21	7034363	baidu-房多多-上海8131931	16792143	昆明-东盟森林-全国	536090603	城市竞品词	15000	黑龙江	1	0	0.00	0.00
2014-08-21	7034363	baidu-房多多-上海8131931	16792146	昆明-东盟森林-通用	536090600	城市通用词	15000	黑龙江	7	0	0.00	0.00
2014-08-21	7034363	baidu-房多多-上海8131931	18543180	北京-一渡新新小镇-通用	632240106	通用词-精确	15000	黑龙江	72	1	4.09	4.09
2014-08-21	7034363	baidu-房多多-上海8131931	18543180	北京-一渡新新小镇-通用	632240109	物业词-精确	15000	黑龙江	1	1	2.91	2.91
2014-08-21	7034363	baidu-房多多-上海8131931	18543180	北京-一渡新新小镇-通用	632240112	通用词-短语	15000	黑龙江	235	8	22.78	2.85
2014-08-21	7034363	baidu-房多多-上海8131931	18543180	北京-一渡新新小镇-通用	632240142	房价词-精确	15000	黑龙江	21	1	4.32	4.32
2014-08-21	7034363	baidu-房多多-上海8131931	18543180	北京-一渡新新小镇-通用	632240145	房价词-短语	15000	黑龙江	9	2	3.12	1.56
2014-08-21	7034363	baidu-房多多-上海8131931	18543180	北京-一渡新新小镇-通用	632240154	物业词-短语	15000	黑龙江	2	1	2.98	2.98
2014-08-21	7034363	baidu-房多多-上海8131931	18543183	北京-一渡新新小镇-全国	632240133	区域词-短语	15000	黑龙江	1	0	0.00	0.00
2014-08-21	7034363	baidu-房多多-上海8131931	18543183	北京-一渡新新小镇-全国	632240139	区域词-精确	15000	黑龙江	1	0	0.00	0.00
2014-08-21	7034363	baidu-房多多-上海8131931	18543183	北京-一渡新新小镇-全国	632240199	竞品词-精确	15000	黑龙江	2	0	0.00	0.00
2014-08-21	7034363	baidu-房多多-上海8131931	18543186	北京-一渡新新小镇-本地	632240181	区域词-短语	15000	黑龙江	3	0	0.00	0.00
2014-08-21	7034363	baidu-房多多-上海8131931	16690042	昆明-实力壹方城-通用	534807448	通用词	16000	湖北	6	0	0.00	0.00
2014-08-21	7034363	baidu-房多多-上海8131931	16792022	昆明-实力壹方城-本地	534805939	竞品词	16000	湖北	1	0	0.00	0.00
2014-08-21	7034363	baidu-房多多-上海8131931	16792022	昆明-实力壹方城-本地	534805945	区域板块	16000	湖北	2	1	0.90	0.90
2014-08-21	7034363	baidu-房多多-上海8131931	16792143	昆明-东盟森林-全国	536090603	城市竞品词	16000	湖北	4	0	0.00	0.00
2014-08-21	7034363	baidu-房多多-上海8131931	16792143	昆明-东盟森林-全国	536090606	城市品牌词	16000	湖北	2	1	6.52	6.52
2014-08-21	7034363	baidu-房多多-上海8131931	16792146	昆明-东盟森林-通用	536090600	城市通用词	16000	湖北	7	3	2.32	0.77
2014-08-21	7034363	baidu-房多多-上海8131931	18543180	北京-一渡新新小镇-通用	632240106	通用词-精确	16000	湖北	59	0	0.00	0.00
2014-08-21	7034363	baidu-房多多-上海8131931	18543180	北京-一渡新新小镇-通用	632240112	通用词-短语	16000	湖北	241	8	19.84	2.48
2014-08-21	7034363	baidu-房多多-上海8131931	18543180	北京-一渡新新小镇-通用	632240142	房价词-精确	16000	湖北	15	0	0.00	0.00
2014-08-21	7034363	baidu-房多多-上海8131931	18543180	北京-一渡新新小镇-通用	632240145	房价词-短语	16000	湖北	14	0	0.00	0.00
2014-08-21	7034363	baidu-房多多-上海8131931	18543180	北京-一渡新新小镇-通用	632240154	物业词-短语	16000	湖北	3	1	2.33	2.33
2014-08-21	7034363	baidu-房多多-上海8131931	18543183	北京-一渡新新小镇-全国	632240133	区域词-短语	16000	湖北	1	0	0.00	0.00
2014-08-21	7034363	baidu-房多多-上海8131931	18543183	北京-一渡新新小镇-全国	632240199	竞品词-精确	16000	湖北	3	0	0.00	0.00
2014-08-21	7034363	baidu-房多多-上海8131931	18543186	北京-一渡新新小镇-本地	632240178	区域词-精确	16000	湖北	1	0	0.00	0.00
2014-08-21	7034363	baidu-房多多-上海8131931	18543186	北京-一渡新新小镇-本地	632240181	区域词-短语	16000	湖北	7	0	0.00	0.00
2014-08-21	7034363	baidu-房多多-上海8131931	16690042	昆明-实力壹方城-通用	534807448	通用词	17000	湖南	5	0	0.00	0.00
2014-08-21	7034363	baidu-房多多-上海8131931	16792140	昆明-东盟森林-本地	536090594	竞品词	17000	湖南	2	0	0.00	0.00
2014-08-21	7034363	baidu-房多多-上海8131931	16792140	昆明-东盟森林-本地	536090612	品牌词	17000	湖南	1	1	6.16	6.16
2014-08-21	7034363	baidu-房多多-上海8131931	16792143	昆明-东盟森林-全国	536090603	城市竞品词	17000	湖南	4	0	0.00	0.00
2014-08-21	7034363	baidu-房多多-上海8131931	18543180	北京-一渡新新小镇-通用	632240106	通用词-精确	17000	湖南	51	1	4.18	4.18
2014-08-21	7034363	baidu-房多多-上海8131931	18543180	北京-一渡新新小镇-通用	632240109	物业词-精确	17000	湖南	3	0	0.00	0.00
2014-08-21	7034363	baidu-房多多-上海8131931	18543180	北京-一渡新新小镇-通用	632240112	通用词-短语	17000	湖南	212	1	2.99	2.99
2014-08-21	7034363	baidu-房多多-上海8131931	18543180	北京-一渡新新小镇-通用	632240142	房价词-精确	17000	湖南	8	0	0.00	0.00
2014-08-21	7034363	baidu-房多多-上海8131931	18543180	北京-一渡新新小镇-通用	632240145	房价词-短语	17000	湖南	11	1	2.07	2.07
2014-08-21	7034363	baidu-房多多-上海8131931	18543180	北京-一渡新新小镇-通用	632240154	物业词-短语	17000	湖南	1	0	0.00	0.00
2014-08-21	7034363	baidu-房多多-上海8131931	18543183	北京-一渡新新小镇-全国	632240199	竞品词-精确	17000	湖南	1	1	4.08	4.08
2014-08-21	7034363	baidu-房多多-上海8131931	18543186	北京-一渡新新小镇-本地	632240181	区域词-短语	17000	湖南	7	0	0.00	0.00
2014-08-21	7034363	baidu-房多多-上海8131931	16792140	昆明-东盟森林-本地	536090594	竞品词	18000	吉林	2	0	0.00	0.00
2014-08-21	7034363	baidu-房多多-上海8131931	16792143	昆明-东盟森林-全国	536090603	城市竞品词	18000	吉林	3	0	0.00	0.00
2014-08-21	7034363	baidu-房多多-上海8131931	16792146	昆明-东盟森林-通用	536090600	城市通用词	18000	吉林	11	1	1.78	1.78
2014-08-21	7034363	baidu-房多多-上海8131931	18543180	北京-一渡新新小镇-通用	632240106	通用词-精确	18000	吉林	58	2	8.33	4.16
2014-08-21	7034363	baidu-房多多-上海8131931	18543180	北京-一渡新新小镇-通用	632240109	物业词-精确	18000	吉林	1	0	0.00	0.00
2014-08-21	7034363	baidu-房多多-上海8131931	18543180	北京-一渡新新小镇-通用	632240112	通用词-短语	18000	吉林	175	5	13.37	2.67
2014-08-21	7034363	baidu-房多多-上海8131931	18543180	北京-一渡新新小镇-通用	632240142	房价词-精确	18000	吉林	7	0	0.00	0.00
2014-08-21	7034363	baidu-房多多-上海8131931	18543180	北京-一渡新新小镇-通用	632240145	房价词-短语	18000	吉林	15	0	0.00	0.00
2014-08-21	7034363	baidu-房多多-上海8131931	18543183	北京-一渡新新小镇-全国	632240133	区域词-短语	18000	吉林	2	0	0.00	0.00
2014-08-21	7034363	baidu-房多多-上海8131931	18543183	北京-一渡新新小镇-全国	632240199	竞品词-精确	18000	吉林	1	0	0.00	0.00
2014-08-21	7034363	baidu-房多多-上海8131931	18543186	北京-一渡新新小镇-本地	632240172	竞品词-短语	18000	吉林	1	0	0.00	0.00
2014-08-21	7034363	baidu-房多多-上海8131931	18543186	北京-一渡新新小镇-本地	632240181	区域词-短语	18000	吉林	6	0	0.00	0.00
2014-08-21	7034363	baidu-房多多-上海8131931	16690006	昆明-实力壹方城-全国	536529173	城市品牌词	19000	江苏	1	0	0.00	0.00
2014-08-21	7034363	baidu-房多多-上海8131931	16690006	昆明-实力壹方城-全国	536529179	城市竞品词	19000	江苏	5	0	0.00	0.00
2014-08-21	7034363	baidu-房多多-上海8131931	16690042	昆明-实力壹方城-通用	534807448	通用词	19000	江苏	5	0	0.00	0.00
2014-08-21	7034363	baidu-房多多-上海8131931	16792022	昆明-实力壹方城-本地	534805939	竞品词	19000	江苏	2	0	0.00	0.00
2014-08-21	7034363	baidu-房多多-上海8131931	16792143	昆明-东盟森林-全国	536090603	城市竞品词	19000	江苏	4	0	0.00	0.00
2014-08-21	7034363	baidu-房多多-上海8131931	16792146	昆明-东盟森林-通用	536090600	城市通用词	19000	江苏	10	1	1.74	1.74
2014-08-21	7034363	baidu-房多多-上海8131931	18543180	北京-一渡新新小镇-通用	632240106	通用词-精确	19000	江苏	106	2	8.82	4.41
2014-08-21	7034363	baidu-房多多-上海8131931	18543180	北京-一渡新新小镇-通用	632240109	物业词-精确	19000	江苏	2	1	2.96	2.96
2014-08-21	7034363	baidu-房多多-上海8131931	18543180	北京-一渡新新小镇-通用	632240112	通用词-短语	19000	江苏	489	10	28.91	2.89
2014-08-21	7034363	baidu-房多多-上海8131931	18543180	北京-一渡新新小镇-通用	632240142	房价词-精确	19000	江苏	19	0	0.00	0.00
2014-08-21	7034363	baidu-房多多-上海8131931	18543180	北京-一渡新新小镇-通用	632240145	房价词-短语	19000	江苏	18	1	1.24	1.24
2014-08-21	7034363	baidu-房多多-上海8131931	18543180	北京-一渡新新小镇-通用	632240151	配套词-短语	19000	江苏	1	0	0.00	0.00
2014-08-21	7034363	baidu-房多多-上海8131931	18543180	北京-一渡新新小镇-通用	632240154	物业词-短语	19000	江苏	3	0	0.00	0.00
2014-08-21	7034363	baidu-房多多-上海8131931	18543183	北京-一渡新新小镇-全国	632240133	区域词-短语	19000	江苏	3	0	0.00	0.00
2014-08-21	7034363	baidu-房多多-上海8131931	18543183	北京-一渡新新小镇-全国	632240196	竞品词-短语	19000	江苏	1	0	0.00	0.00
2014-08-21	7034363	baidu-房多多-上海8131931	18543183	北京-一渡新新小镇-全国	632240199	竞品词-精确	19000	江苏	3	1	4.42	4.42
2014-08-21	7034363	baidu-房多多-上海8131931	18543186	北京-一渡新新小镇-本地	632240163	品牌词-短语	19000	江苏	1	1	3.98	3.98
2014-08-21	7034363	baidu-房多多-上海8131931	18543186	北京-一渡新新小镇-本地	632240172	竞品词-短语	19000	江苏	1	1	4.08	4.08
2014-08-21	7034363	baidu-房多多-上海8131931	18543186	北京-一渡新新小镇-本地	632240181	区域词-短语	19000	江苏	14	0	0.00	0.00
2014-08-21	7034363	baidu-房多多-上海8131931	16690042	昆明-实力壹方城-通用	534807448	通用词	20000	江西	5	0	0.00	0.00
2014-08-21	7034363	baidu-房多多-上海8131931	16792143	昆明-东盟森林-全国	536090603	城市竞品词	20000	江西	10	1	4.84	4.84
2014-08-21	7034363	baidu-房多多-上海8131931	16792146	昆明-东盟森林-通用	536090600	城市通用词	20000	江西	8	2	5.27	2.64
2014-08-21	7034363	baidu-房多多-上海8131931	18543180	北京-一渡新新小镇-通用	632240106	通用词-精确	20000	江西	29	2	7.36	3.68
2014-08-21	7034363	baidu-房多多-上海8131931	18543180	北京-一渡新新小镇-通用	632240109	物业词-精确	20000	江西	1	0	0.00	0.00
2014-08-21	7034363	baidu-房多多-上海8131931	18543180	北京-一渡新新小镇-通用	632240112	通用词-短语	20000	江西	168	2	5.78	2.89
2014-08-21	7034363	baidu-房多多-上海8131931	18543180	北京-一渡新新小镇-通用	632240142	房价词-精确	20000	江西	3	0	0.00	0.00
2014-08-21	7034363	baidu-房多多-上海8131931	18543180	北京-一渡新新小镇-通用	632240145	房价词-短语	20000	江西	4	1	1.48	1.48
2014-08-21	7034363	baidu-房多多-上海8131931	18543180	北京-一渡新新小镇-通用	632240154	物业词-短语	20000	江西	1	0	0.00	0.00
2014-08-21	7034363	baidu-房多多-上海8131931	18543186	北京-一渡新新小镇-本地	632240181	区域词-短语	20000	江西	3	0	0.00	0.00
2014-08-21	7034363	baidu-房多多-上海8131931	16690042	昆明-实力壹方城-通用	534807448	通用词	21000	辽宁	3	0	0.00	0.00
2014-08-21	7034363	baidu-房多多-上海8131931	16792022	昆明-实力壹方城-本地	534805945	区域板块	21000	辽宁	1	0	0.00	0.00
2014-08-21	7034363	baidu-房多多-上海8131931	16792143	昆明-东盟森林-全国	536090603	城市竞品词	21000	辽宁	2	0	0.00	0.00
2014-08-21	7034363	baidu-房多多-上海8131931	16792146	昆明-东盟森林-通用	536090600	城市通用词	21000	辽宁	6	0	0.00	0.00
2014-08-21	7034363	baidu-房多多-上海8131931	18543180	北京-一渡新新小镇-通用	632240106	通用词-精确	21000	辽宁	110	3	11.30	3.77
2014-08-21	7034363	baidu-房多多-上海8131931	18543180	北京-一渡新新小镇-通用	632240109	物业词-精确	21000	辽宁	4	0	0.00	0.00
2014-08-21	7034363	baidu-房多多-上海8131931	18543180	北京-一渡新新小镇-通用	632240112	通用词-短语	21000	辽宁	463	5	12.28	2.46
2014-08-21	7034363	baidu-房多多-上海8131931	18543180	北京-一渡新新小镇-通用	632240142	房价词-精确	21000	辽宁	16	0	0.00	0.00
2014-08-21	7034363	baidu-房多多-上海8131931	18543180	北京-一渡新新小镇-通用	632240145	房价词-短语	21000	辽宁	20	0	0.00	0.00
2014-08-21	7034363	baidu-房多多-上海8131931	18543180	北京-一渡新新小镇-通用	632240154	物业词-短语	21000	辽宁	1	0	0.00	0.00
2014-08-21	7034363	baidu-房多多-上海8131931	18543183	北京-一渡新新小镇-全国	632240139	区域词-精确	21000	辽宁	2	0	0.00	0.00
2014-08-21	7034363	baidu-房多多-上海8131931	18543183	北京-一渡新新小镇-全国	632240199	竞品词-精确	21000	辽宁	3	0	0.00	0.00
2014-08-21	7034363	baidu-房多多-上海8131931	18543186	北京-一渡新新小镇-本地	632240181	区域词-短语	21000	辽宁	8	2	9.66	4.83
2014-08-21	7034363	baidu-房多多-上海8131931	16792143	昆明-东盟森林-全国	536090603	城市竞品词	22000	内蒙古	2	0	0.00	0.00
2014-08-21	7034363	baidu-房多多-上海8131931	18543180	北京-一渡新新小镇-通用	632240106	通用词-精确	22000	内蒙古	61	0	0.00	0.00
2014-08-21	7034363	baidu-房多多-上海8131931	18543180	北京-一渡新新小镇-通用	632240109	物业词-精确	22000	内蒙古	3	0	0.00	0.00
2014-08-21	7034363	baidu-房多多-上海8131931	18543180	北京-一渡新新小镇-通用	632240112	通用词-短语	22000	内蒙古	174	2	5.05	2.52
2014-08-21	7034363	baidu-房多多-上海8131931	18543180	北京-一渡新新小镇-通用	632240142	房价词-精确	22000	内蒙古	13	0	0.00	0.00
2014-08-21	7034363	baidu-房多多-上海8131931	18543180	北京-一渡新新小镇-通用	632240145	房价词-短语	22000	内蒙古	5	0	0.00	0.00
2014-08-21	7034363	baidu-房多多-上海8131931	18543180	北京-一渡新新小镇-通用	632240154	物业词-短语	22000	内蒙古	2	0	0.00	0.00
2014-08-21	7034363	baidu-房多多-上海8131931	18543183	北京-一渡新新小镇-全国	632240133	区域词-短语	22000	内蒙古	2	0	0.00	0.00
2014-08-21	7034363	baidu-房多多-上海8131931	18543183	北京-一渡新新小镇-全国	632240199	竞品词-精确	22000	内蒙古	2	0	0.00	0.00
2014-08-21	7034363	baidu-房多多-上海8131931	18543186	北京-一渡新新小镇-本地	632240163	品牌词-短语	22000	内蒙古	2	0	0.00	0.00
2014-08-21	7034363	baidu-房多多-上海8131931	18543186	北京-一渡新新小镇-本地	632240181	区域词-短语	22000	内蒙古	4	1	4.26	4.26
2014-08-21	7034363	baidu-房多多-上海8131931	18543180	北京-一渡新新小镇-通用	632240106	通用词-精确	23000	宁夏	5	1	3.46	3.46
2014-08-21	7034363	baidu-房多多-上海8131931	18543180	北京-一渡新新小镇-通用	632240109	物业词-精确	23000	宁夏	1	0	0.00	0.00
2014-08-21	7034363	baidu-房多多-上海8131931	18543180	北京-一渡新新小镇-通用	632240112	通用词-短语	23000	宁夏	33	0	0.00	0.00
2014-08-21	7034363	baidu-房多多-上海8131931	18543180	北京-一渡新新小镇-通用	632240142	房价词-精确	23000	宁夏	1	0	0.00	0.00
2014-08-21	7034363	baidu-房多多-上海8131931	18543180	北京-一渡新新小镇-通用	632240145	房价词-短语	23000	宁夏	3	0	0.00	0.00
2014-08-21	7034363	baidu-房多多-上海8131931	18543180	北京-一渡新新小镇-通用	632240154	物业词-短语	23000	宁夏	1	0	0.00	0.00
2014-08-21	7034363	baidu-房多多-上海8131931	18543186	北京-一渡新新小镇-本地	632240181	区域词-短语	23000	宁夏	5	0	0.00	0.00
2014-08-21	7034363	baidu-房多多-上海8131931	16792140	昆明-东盟森林-本地	536090594	竞品词	24000	青海	2	0	0.00	0.00
2014-08-21	7034363	baidu-房多多-上海8131931	16792143	昆明-东盟森林-全国	536090603	城市竞品词	24000	青海	1	0	0.00	0.00
2014-08-21	7034363	baidu-房多多-上海8131931	18543180	北京-一渡新新小镇-通用	632240106	通用词-精确	24000	青海	12	0	0.00	0.00
2014-08-21	7034363	baidu-房多多-上海8131931	18543180	北京-一渡新新小镇-通用	632240112	通用词-短语	24000	青海	22	0	0.00	0.00
2014-08-21	7034363	baidu-房多多-上海8131931	18543180	北京-一渡新新小镇-通用	632240154	物业词-短语	24000	青海	1	0	0.00	0.00
2014-08-21	7034363	baidu-房多多-上海8131931	16690006	昆明-实力壹方城-全国	536529179	城市竞品词	25000	山东	4	0	0.00	0.00
2014-08-21	7034363	baidu-房多多-上海8131931	16690042	昆明-实力壹方城-通用	534807448	通用词	25000	山东	4	0	0.00	0.00
2014-08-21	7034363	baidu-房多多-上海8131931	16792143	昆明-东盟森林-全国	536090603	城市竞品词	25000	山东	11	1	6.40	6.40
2014-08-21	7034363	baidu-房多多-上海8131931	16792146	昆明-东盟森林-通用	536090600	城市通用词	25000	山东	21	1	3.93	3.93
2014-08-21	7034363	baidu-房多多-上海8131931	18543180	北京-一渡新新小镇-通用	632240106	通用词-精确	25000	山东	198	3	10.80	3.60
2014-08-21	7034363	baidu-房多多-上海8131931	18543180	北京-一渡新新小镇-通用	632240109	物业词-精确	25000	山东	8	2	5.58	2.79
2014-08-21	7034363	baidu-房多多-上海8131931	18543180	北京-一渡新新小镇-通用	632240112	通用词-短语	25000	山东	704	7	20.63	2.95
2014-08-21	7034363	baidu-房多多-上海8131931	18543180	北京-一渡新新小镇-通用	632240142	房价词-精确	25000	山东	38	0	0.00	0.00
2014-08-21	7034363	baidu-房多多-上海8131931	18543180	北京-一渡新新小镇-通用	632240145	房价词-短语	25000	山东	23	0	0.00	0.00
2014-08-21	7034363	baidu-房多多-上海8131931	18543180	北京-一渡新新小镇-通用	632240154	物业词-短语	25000	山东	5	0	0.00	0.00
2014-08-21	7034363	baidu-房多多-上海8131931	18543180	北京-一渡新新小镇-通用	632240202	户型词-精确	25000	山东	1	0	0.00	0.00
2014-08-21	7034363	baidu-房多多-上海8131931	18543183	北京-一渡新新小镇-全国	632240133	区域词-短语	25000	山东	1	0	0.00	0.00
2014-08-21	7034363	baidu-房多多-上海8131931	18543183	北京-一渡新新小镇-全国	632240139	区域词-精确	25000	山东	3	0	0.00	0.00
2014-08-21	7034363	baidu-房多多-上海8131931	18543183	北京-一渡新新小镇-全国	632240196	竞品词-短语	25000	山东	2	0	0.00	0.00
2014-08-21	7034363	baidu-房多多-上海8131931	18543183	北京-一渡新新小镇-全国	632240199	竞品词-精确	25000	山东	4	1	2.97	2.97
2014-08-21	7034363	baidu-房多多-上海8131931	18543186	北京-一渡新新小镇-本地	632240172	竞品词-短语	25000	山东	1	0	0.00	0.00
2014-08-21	7034363	baidu-房多多-上海8131931	18543186	北京-一渡新新小镇-本地	632240181	区域词-短语	25000	山东	17	1	4.77	4.77
2014-08-21	7034363	baidu-房多多-上海8131931	16792143	昆明-东盟森林-全国	536090603	城市竞品词	26000	山西	2	0	0.00	0.00
2014-08-21	7034363	baidu-房多多-上海8131931	16792146	昆明-东盟森林-通用	536090600	城市通用词	26000	山西	5	1	2.68	2.68
2014-08-21	7034363	baidu-房多多-上海8131931	18543180	北京-一渡新新小镇-通用	632240106	通用词-精确	26000	山西	66	2	9.04	4.52
2014-08-21	7034363	baidu-房多多-上海8131931	18543180	北京-一渡新新小镇-通用	632240109	物业词-精确	26000	山西	1	0	0.00	0.00
2014-08-21	7034363	baidu-房多多-上海8131931	18543180	北京-一渡新新小镇-通用	632240112	通用词-短语	26000	山西	274	11	28.93	2.63
2014-08-21	7034363	baidu-房多多-上海8131931	18543180	北京-一渡新新小镇-通用	632240142	房价词-精确	26000	山西	13	0	0.00	0.00
2014-08-21	7034363	baidu-房多多-上海8131931	18543180	北京-一渡新新小镇-通用	632240145	房价词-短语	26000	山西	7	0	0.00	0.00
2014-08-21	7034363	baidu-房多多-上海8131931	18543180	北京-一渡新新小镇-通用	632240154	物业词-短语	26000	山西	2	0	0.00	0.00
2014-08-21	7034363	baidu-房多多-上海8131931	18543183	北京-一渡新新小镇-全国	632240133	区域词-短语	26000	山西	2	0	0.00	0.00
2014-08-21	7034363	baidu-房多多-上海8131931	18543183	北京-一渡新新小镇-全国	632240199	竞品词-精确	26000	山西	1	0	0.00	0.00
2014-08-21	7034363	baidu-房多多-上海8131931	18543186	北京-一渡新新小镇-本地	632240163	品牌词-短语	26000	山西	2	0	0.00	0.00
2014-08-21	7034363	baidu-房多多-上海8131931	18543186	北京-一渡新新小镇-本地	632240181	区域词-短语	26000	山西	11	0	0.00	0.00
2014-08-21	7034363	baidu-房多多-上海8131931	16690006	昆明-实力壹方城-全国	536529179	城市竞品词	27000	陕西	3	0	0.00	0.00
2014-08-21	7034363	baidu-房多多-上海8131931	16690042	昆明-实力壹方城-通用	534807448	通用词	27000	陕西	3	0	0.00	0.00
2014-08-21	7034363	baidu-房多多-上海8131931	16792143	昆明-东盟森林-全国	536090603	城市竞品词	27000	陕西	20	1	6.00	6.00
2014-08-21	7034363	baidu-房多多-上海8131931	16792146	昆明-东盟森林-通用	536090600	城市通用词	27000	陕西	3	0	0.00	0.00
2014-08-21	7034363	baidu-房多多-上海8131931	18543180	北京-一渡新新小镇-通用	632240106	通用词-精确	27000	陕西	32	2	7.71	3.86
2014-08-21	7034363	baidu-房多多-上海8131931	18543180	北京-一渡新新小镇-通用	632240109	物业词-精确	27000	陕西	1	1	3.11	3.11
2014-08-21	7034363	baidu-房多多-上海8131931	18543180	北京-一渡新新小镇-通用	632240112	通用词-短语	27000	陕西	151	3	8.14	2.71
2014-08-21	7034363	baidu-房多多-上海8131931	18543180	北京-一渡新新小镇-通用	632240142	房价词-精确	27000	陕西	4	0	0.00	0.00
2014-08-21	7034363	baidu-房多多-上海8131931	18543180	北京-一渡新新小镇-通用	632240145	房价词-短语	27000	陕西	11	2	2.61	1.30
2014-08-21	7034363	baidu-房多多-上海8131931	18543183	北京-一渡新新小镇-全国	632240199	竞品词-精确	27000	陕西	1	0	0.00	0.00
2014-08-21	7034363	baidu-房多多-上海8131931	18543186	北京-一渡新新小镇-本地	632240181	区域词-短语	27000	陕西	2	0	0.00	0.00
2014-08-21	7034363	baidu-房多多-上海8131931	16690006	昆明-实力壹方城-全国	536529179	城市竞品词	28000	四川	5	0	0.00	0.00
2014-08-21	7034363	baidu-房多多-上海8131931	16690042	昆明-实力壹方城-通用	534807448	通用词	28000	四川	10	0	0.00	0.00
2014-08-21	7034363	baidu-房多多-上海8131931	16792022	昆明-实力壹方城-本地	534805945	区域板块	28000	四川	3	0	0.00	0.00
2014-08-21	7034363	baidu-房多多-上海8131931	16792140	昆明-东盟森林-本地	536090594	竞品词	28000	四川	1	0	0.00	0.00
2014-08-21	7034363	baidu-房多多-上海8131931	16792140	昆明-东盟森林-本地	536090612	品牌词	28000	四川	3	0	0.00	0.00
2014-08-21	7034363	baidu-房多多-上海8131931	16792143	昆明-东盟森林-全国	536090603	城市竞品词	28000	四川	37	0	0.00	0.00
2014-08-21	7034363	baidu-房多多-上海8131931	16792146	昆明-东盟森林-通用	536090600	城市通用词	28000	四川	14	0	0.00	0.00
2014-08-21	7034363	baidu-房多多-上海8131931	18543180	北京-一渡新新小镇-通用	632240106	通用词-精确	28000	四川	51	0	0.00	0.00
2014-08-21	7034363	baidu-房多多-上海8131931	18543180	北京-一渡新新小镇-通用	632240109	物业词-精确	28000	四川	1	0	0.00	0.00
2014-08-21	7034363	baidu-房多多-上海8131931	18543180	北京-一渡新新小镇-通用	632240112	通用词-短语	28000	四川	231	5	15.78	3.16
2014-08-21	7034363	baidu-房多多-上海8131931	18543180	北京-一渡新新小镇-通用	632240142	房价词-精确	28000	四川	3	0	0.00	0.00
2014-08-21	7034363	baidu-房多多-上海8131931	18543180	北京-一渡新新小镇-通用	632240145	房价词-短语	28000	四川	13	0	0.00	0.00
2014-08-21	7034363	baidu-房多多-上海8131931	18543180	北京-一渡新新小镇-通用	632240154	物业词-短语	28000	四川	6	0	0.00	0.00
2014-08-21	7034363	baidu-房多多-上海8131931	18543183	北京-一渡新新小镇-全国	632240199	竞品词-精确	28000	四川	1	1	3.92	3.92
2014-08-21	7034363	baidu-房多多-上海8131931	18543186	北京-一渡新新小镇-本地	632240181	区域词-短语	28000	四川	6	0	0.00	0.00
2014-08-21	7034363	baidu-房多多-上海8131931	16792143	昆明-东盟森林-全国	536090603	城市竞品词	29000	西藏	3	1	6.52	6.52
2014-08-21	7034363	baidu-房多多-上海8131931	18543180	北京-一渡新新小镇-通用	632240106	通用词-精确	29000	西藏	3	0	0.00	0.00
2014-08-21	7034363	baidu-房多多-上海8131931	18543180	北京-一渡新新小镇-通用	632240112	通用词-短语	29000	西藏	4	0	0.00	0.00
2014-08-21	7034363	baidu-房多多-上海8131931	16690042	昆明-实力壹方城-通用	534807448	通用词	30000	新疆	2	0	0.00	0.00
2014-08-21	7034363	baidu-房多多-上海8131931	16792146	昆明-东盟森林-通用	536090600	城市通用词	30000	新疆	1	0	0.00	0.00
2014-08-21	7034363	baidu-房多多-上海8131931	18543180	北京-一渡新新小镇-通用	632240106	通用词-精确	30000	新疆	17	0	0.00	0.00
2014-08-21	7034363	baidu-房多多-上海8131931	18543180	北京-一渡新新小镇-通用	632240109	物业词-精确	30000	新疆	2	0	0.00	0.00
2014-08-21	7034363	baidu-房多多-上海8131931	18543180	北京-一渡新新小镇-通用	632240112	通用词-短语	30000	新疆	67	0	0.00	0.00
2014-08-21	7034363	baidu-房多多-上海8131931	18543180	北京-一渡新新小镇-通用	632240142	房价词-精确	30000	新疆	4	0	0.00	0.00
2014-08-21	7034363	baidu-房多多-上海8131931	18543180	北京-一渡新新小镇-通用	632240145	房价词-短语	30000	新疆	1	0	0.00	0.00
2014-08-21	7034363	baidu-房多多-上海8131931	18543183	北京-一渡新新小镇-全国	632240139	区域词-精确	30000	新疆	1	0	0.00	0.00
2014-08-21	7034363	baidu-房多多-上海8131931	18543186	北京-一渡新新小镇-本地	632240181	区域词-短语	30000	新疆	2	1	1.77	1.77
2014-08-21	7034363	baidu-房多多-上海8131931	16690006	昆明-实力壹方城-全国	536529173	城市品牌词	31000	云南	6	1	6.52	6.52
2014-08-21	7034363	baidu-房多多-上海8131931	16690006	昆明-实力壹方城-全国	536529176	城市区域板块	31000	云南	31	2	3.58	1.79
2014-08-21	7034363	baidu-房多多-上海8131931	16690006	昆明-实力壹方城-全国	536529179	城市竞品词	31000	云南	226	19	104.93	5.52
2014-08-21	7034363	baidu-房多多-上海8131931	16690042	昆明-实力壹方城-通用	534807448	通用词	31000	云南	412	21	40.32	1.92
2014-08-21	7034363	baidu-房多多-上海8131931	16792022	昆明-实力壹方城-本地	534805939	竞品词	31000	云南	694	45	259.12	5.76
2014-08-21	7034363	baidu-房多多-上海8131931	16792022	昆明-实力壹方城-本地	534805942	品牌词	31000	云南	118	17	102.04	6.00
2014-08-21	7034363	baidu-房多多-上海8131931	16792022	昆明-实力壹方城-本地	534805945	区域板块	31000	云南	75	8	16.58	2.07
2014-08-21	7034363	baidu-房多多-上海8131931	16792140	昆明-东盟森林-本地	536090594	竞品词	31000	云南	232	12	72.95	6.08
2014-08-21	7034363	baidu-房多多-上海8131931	16792140	昆明-东盟森林-本地	536090612	品牌词	31000	云南	132	24	145.07	6.04
2014-08-21	7034363	baidu-房多多-上海8131931	16792143	昆明-东盟森林-全国	536090603	城市竞品词	31000	云南	619	20	125.35	6.27
2014-08-21	7034363	baidu-房多多-上海8131931	16792143	昆明-东盟森林-全国	536090606	城市品牌词	31000	云南	11	3	13.79	4.60
2014-08-21	7034363	baidu-房多多-上海8131931	16792143	昆明-东盟森林-全国	536090609	城市区域板块	31000	云南	1	0	0.00	0.00
2014-08-21	7034363	baidu-房多多-上海8131931	16792146	昆明-东盟森林-通用	536090600	城市通用词	31000	云南	706	45	109.44	2.43
2014-08-21	7034363	baidu-房多多-上海8131931	18543180	北京-一渡新新小镇-通用	632240106	通用词-精确	31000	云南	11	0	0.00	0.00
2014-08-21	7034363	baidu-房多多-上海8131931	18543180	北京-一渡新新小镇-通用	632240112	通用词-短语	31000	云南	76	2	4.06	2.03
2014-08-21	7034363	baidu-房多多-上海8131931	18543180	北京-一渡新新小镇-通用	632240142	房价词-精确	31000	云南	4	1	3.17	3.17
2014-08-21	7034363	baidu-房多多-上海8131931	18543180	北京-一渡新新小镇-通用	632240145	房价词-短语	31000	云南	6	0	0.00	0.00
2014-08-21	7034363	baidu-房多多-上海8131931	18543180	北京-一渡新新小镇-通用	632240154	物业词-短语	31000	云南	1	0	0.00	0.00
2014-08-21	7034363	baidu-房多多-上海8131931	18543183	北京-一渡新新小镇-全国	632240196	竞品词-短语	31000	云南	1	0	0.00	0.00
2014-08-21	7034363	baidu-房多多-上海8131931	18543186	北京-一渡新新小镇-本地	632240172	竞品词-短语	31000	云南	1	1	4.03	4.03
2014-08-21	7034363	baidu-房多多-上海8131931	18543186	北京-一渡新新小镇-本地	632240181	区域词-短语	31000	云南	2	0	0.00	0.00
2014-08-21	7034363	baidu-房多多-上海8131931	16690006	昆明-实力壹方城-全国	536529179	城市竞品词	32000	浙江	2	0	0.00	0.00
2014-08-21	7034363	baidu-房多多-上海8131931	16690042	昆明-实力壹方城-通用	534807448	通用词	32000	浙江	14	0	0.00	0.00
2014-08-21	7034363	baidu-房多多-上海8131931	16792022	昆明-实力壹方城-本地	534805939	竞品词	32000	浙江	1	0	0.00	0.00
2014-08-21	7034363	baidu-房多多-上海8131931	16792140	昆明-东盟森林-本地	536090594	竞品词	32000	浙江	3	0	0.00	0.00
2014-08-21	7034363	baidu-房多多-上海8131931	16792143	昆明-东盟森林-全国	536090603	城市竞品词	32000	浙江	29	1	7.18	7.18
2014-08-21	7034363	baidu-房多多-上海8131931	16792146	昆明-东盟森林-通用	536090600	城市通用词	32000	浙江	24	2	3.23	1.62
2014-08-21	7034363	baidu-房多多-上海8131931	18543180	北京-一渡新新小镇-通用	632240106	通用词-精确	32000	浙江	115	3	9.42	3.14
2014-08-21	7034363	baidu-房多多-上海8131931	18543180	北京-一渡新新小镇-通用	632240109	物业词-精确	32000	浙江	8	0	0.00	0.00
2014-08-21	7034363	baidu-房多多-上海8131931	18543180	北京-一渡新新小镇-通用	632240112	通用词-短语	32000	浙江	528	6	14.32	2.39
2014-08-21	7034363	baidu-房多多-上海8131931	18543180	北京-一渡新新小镇-通用	632240142	房价词-精确	32000	浙江	17	1	3.53	3.53
2014-08-21	7034363	baidu-房多多-上海8131931	18543180	北京-一渡新新小镇-通用	632240145	房价词-短语	32000	浙江	13	0	0.00	0.00
2014-08-21	7034363	baidu-房多多-上海8131931	18543180	北京-一渡新新小镇-通用	632240154	物业词-短语	32000	浙江	2	0	0.00	0.00
2014-08-21	7034363	baidu-房多多-上海8131931	18543183	北京-一渡新新小镇-全国	632240133	区域词-短语	32000	浙江	3	0	0.00	0.00
2014-08-21	7034363	baidu-房多多-上海8131931	18543183	北京-一渡新新小镇-全国	632240139	区域词-精确	32000	浙江	1	0	0.00	0.00
2014-08-21	7034363	baidu-房多多-上海8131931	18543183	北京-一渡新新小镇-全国	632240196	竞品词-短语	32000	浙江	5	0	0.00	0.00
2014-08-21	7034363	baidu-房多多-上海8131931	18543183	北京-一渡新新小镇-全国	632240199	竞品词-精确	32000	浙江	4	0	0.00	0.00
2014-08-21	7034363	baidu-房多多-上海8131931	18543186	北京-一渡新新小镇-本地	632240172	竞品词-短语	32000	浙江	2	0	0.00	0.00
2014-08-21	7034363	baidu-房多多-上海8131931	18543186	北京-一渡新新小镇-本地	632240181	区域词-短语	32000	浙江	9	0	0.00	0.00
2014-08-21	7034363	baidu-房多多-上海8131931	16690006	昆明-实力壹方城-全国	536529179	城市竞品词	33000	重庆	1	0	0.00	0.00
2014-08-21	7034363	baidu-房多多-上海8131931	16792022	昆明-实力壹方城-本地	534805939	竞品词	33000	重庆	1	0	0.00	0.00
2014-08-21	7034363	baidu-房多多-上海8131931	16792022	昆明-实力壹方城-本地	534805945	区域板块	33000	重庆	2	0	0.00	0.00
2014-08-21	7034363	baidu-房多多-上海8131931	16792140	昆明-东盟森林-本地	536090594	竞品词	33000	重庆	1	0	0.00	0.00
2014-08-21	7034363	baidu-房多多-上海8131931	16792143	昆明-东盟森林-全国	536090603	城市竞品词	33000	重庆	6	0	0.00	0.00
2014-08-21	7034363	baidu-房多多-上海8131931	16792146	昆明-东盟森林-通用	536090600	城市通用词	33000	重庆	7	0	0.00	0.00
2014-08-21	7034363	baidu-房多多-上海8131931	18543180	北京-一渡新新小镇-通用	632240106	通用词-精确	33000	重庆	33	0	0.00	0.00
2014-08-21	7034363	baidu-房多多-上海8131931	18543180	北京-一渡新新小镇-通用	632240109	物业词-精确	33000	重庆	3	0	0.00	0.00
2014-08-21	7034363	baidu-房多多-上海8131931	18543180	北京-一渡新新小镇-通用	632240112	通用词-短语	33000	重庆	122	2	5.44	2.72
2014-08-21	7034363	baidu-房多多-上海8131931	18543180	北京-一渡新新小镇-通用	632240142	房价词-精确	33000	重庆	4	0	0.00	0.00
2014-08-21	7034363	baidu-房多多-上海8131931	18543180	北京-一渡新新小镇-通用	632240145	房价词-短语	33000	重庆	8	0	0.00	0.00
2014-08-21	7034363	baidu-房多多-上海8131931	18543180	北京-一渡新新小镇-通用	632240151	配套词-短语	33000	重庆	1	0	0.00	0.00
2014-08-21	7034363	baidu-房多多-上海8131931	18543183	北京-一渡新新小镇-全国	632240133	区域词-短语	33000	重庆	2	1	3.38	3.38
2014-08-21	7034363	baidu-房多多-上海8131931	18543186	北京-一渡新新小镇-本地	632240181	区域词-短语	33000	重庆	9	0	0.00	0.00
2014-08-21	7034363	baidu-房多多-上海8131931	16690042	昆明-实力壹方城-通用	534807448	通用词	34000	香港	2	0	0.00	0.00
2014-08-21	7034363	baidu-房多多-上海8131931	16792146	昆明-东盟森林-通用	536090600	城市通用词	34000	香港	1	0	0.00	0.00
2014-08-21	7034363	baidu-房多多-上海8131931	18543180	北京-一渡新新小镇-通用	632240106	通用词-精确	34000	香港	5	0	0.00	0.00
2014-08-21	7034363	baidu-房多多-上海8131931	18543180	北京-一渡新新小镇-通用	632240112	通用词-短语	34000	香港	30	0	0.00	0.00
2014-08-21	7034363	baidu-房多多-上海8131931	18543180	北京-一渡新新小镇-通用	632240145	房价词-短语	34000	香港	3	0	0.00	0.00
2014-08-21	7034363	baidu-房多多-上海8131931	18543183	北京-一渡新新小镇-全国	632240199	竞品词-精确	34000	香港	2	0	0.00	0.00
2014-08-21	7034363	baidu-房多多-上海8131931	18543186	北京-一渡新新小镇-本地	632240181	区域词-短语	34000	香港	3	0	0.00	0.00
2014-08-21	7034363	baidu-房多多-上海8131931	16690042	昆明-实力壹方城-通用	534807448	通用词	35000	台湾	2	0	0.00	0.00
2014-08-21	7034363	baidu-房多多-上海8131931	16792143	昆明-东盟森林-全国	536090603	城市竞品词	35000	台湾	2	0	0.00	0.00
2014-08-21	7034363	baidu-房多多-上海8131931	18543180	北京-一渡新新小镇-通用	632240106	通用词-精确	35000	台湾	2	0	0.00	0.00
2014-08-21	7034363	baidu-房多多-上海8131931	18543180	北京-一渡新新小镇-通用	632240112	通用词-短语	35000	台湾	15	0	0.00	0.00
2014-08-21	7034363	baidu-房多多-上海8131931	18543180	北京-一渡新新小镇-通用	632240145	房价词-短语	35000	台湾	2	0	0.00	0.00
2014-08-21	7034363	baidu-房多多-上海8131931	18543183	北京-一渡新新小镇-全国	632240199	竞品词-精确	35000	台湾	1	0	0.00	0.00
2014-08-21	7034363	baidu-房多多-上海8131931	18543180	北京-一渡新新小镇-通用	632240106	通用词-精确	36000	澳门	1	0	0.00	0.00
2014-08-21	7034363	baidu-房多多-上海8131931	18543180	北京-一渡新新小镇-通用	632240109	物业词-精确	36000	澳门	1	0	0.00	0.00
2014-08-21	7034363	baidu-房多多-上海8131931	16690006	昆明-实力壹方城-全国	536529179	城市竞品词	300000	其他国家	3	0	0.00	0.00
2014-08-21	7034363	baidu-房多多-上海8131931	16690042	昆明-实力壹方城-通用	534807448	通用词	300000	其他国家	28	0	0.00	0.00
2014-08-21	7034363	baidu-房多多-上海8131931	16792022	昆明-实力壹方城-本地	534805939	竞品词	300000	其他国家	4	0	0.00	0.00
2014-08-21	7034363	baidu-房多多-上海8131931	16792140	昆明-东盟森林-本地	536090594	竞品词	300000	其他国家	3	0	0.00	0.00
2014-08-21	7034363	baidu-房多多-上海8131931	16792140	昆明-东盟森林-本地	536090612	品牌词	300000	其他国家	1	0	0.00	0.00
2014-08-21	7034363	baidu-房多多-上海8131931	16792143	昆明-东盟森林-全国	536090603	城市竞品词	300000	其他国家	51	0	0.00	0.00
2014-08-21	7034363	baidu-房多多-上海8131931	16792146	昆明-东盟森林-通用	536090600	城市通用词	300000	其他国家	55	2	7.68	3.84
2014-08-21	7034363	baidu-房多多-上海8131931	18543180	北京-一渡新新小镇-通用	632240106	通用词-精确	300000	其他国家	57	0	0.00	0.00
2014-08-21	7034363	baidu-房多多-上海8131931	18543180	北京-一渡新新小镇-通用	632240109	物业词-精确	300000	其他国家	2	0	0.00	0.00
2014-08-21	7034363	baidu-房多多-上海8131931	18543180	北京-一渡新新小镇-通用	632240112	通用词-短语	300000	其他国家	637	1	2.74	2.74
2014-08-21	7034363	baidu-房多多-上海8131931	18543180	北京-一渡新新小镇-通用	632240142	房价词-精确	300000	其他国家	6	0	0.00	0.00
2014-08-21	7034363	baidu-房多多-上海8131931	18543180	北京-一渡新新小镇-通用	632240145	房价词-短语	300000	其他国家	13	0	0.00	0.00
2014-08-21	7034363	baidu-房多多-上海8131931	18543180	北京-一渡新新小镇-通用	632240154	物业词-短语	300000	其他国家	3	0	0.00	0.00
2014-08-21	7034363	baidu-房多多-上海8131931	18543183	北京-一渡新新小镇-全国	632240133	区域词-短语	300000	其他国家	8	0	0.00	0.00
2014-08-21	7034363	baidu-房多多-上海8131931	18543183	北京-一渡新新小镇-全国	632240199	竞品词-精确	300000	其他国家	3	0	0.00	0.00
2014-08-21	7034363	baidu-房多多-上海8131931	18543186	北京-一渡新新小镇-本地	632240172	竞品词-短语	300000	其他国家	2	0	0.00	0.00
2014-08-21	7034363	baidu-房多多-上海8131931	18543186	北京-一渡新新小镇-本地	632240181	区域词-短语	300000	其他国家	18	0	0.00	0.00
