日期	账户ID	账户	推广计划ID	推广计划	推广单元ID	推广单元	关键词keywordID	关键词ID	关键词	展现量	点击量	消费	平均点击价格
2014-08-21	7034363	baidu-房多多-上海8131931	16690006	昆明-实力壹方城-全国	536529173	城市品牌词	9850684328	1066617900	昆明壹方城	7	3	2.55	0.85
2014-08-21	7034363	baidu-房多多-上海8131931	16690006	昆明-实力壹方城-全国	536529173	城市品牌词	8726364586	1066617911	昆明实力壹方城	13	4	6.15	1.54
2014-08-21	7034363	baidu-房多多-上海8131931	16690006	昆明-实力壹方城-全国	536529173	城市品牌词	8726364907	1152398202	昆明实力壹方城房价	1	0	0.00	0.00
2014-08-21	7034363	baidu-房多多-上海8131931	16690006	昆明-实力壹方城-全国	536529173	城市品牌词	8726364775	1262975981	昆明实力壹方城小区	5	0	0.00	0.00
2014-08-21	7034363	baidu-房多多-上海8131931	16690006	昆明-实力壹方城-全国	536529173	城市品牌词	8726364772	1473272269	昆明实力壹方城介绍	4	0	0.00	0.00
2014-08-21	7034363	baidu-房多多-上海8131931	16690006	昆明-实力壹方城-全国	536529173	城市品牌词	8726364751	1473272290	昆明实力壹方城评价	1	1	0.30	0.30
2014-08-21	7034363	baidu-房多多-上海8131931	16690006	昆明-实力壹方城-全国	536529173	城市品牌词	8726364658	1473272293	昆明实力壹方城详情	1	0	0.00	0.00
2014-08-21	7034363	baidu-房多多-上海8131931	16690006	昆明-实力壹方城-全国	536529176	城市区域板块	8743939488	677534672	昆明五华区公寓	3	0	0.00	0.00
2014-08-21	7034363	baidu-房多多-上海8131931	16690006	昆明-实力壹方城-全国	536529176	城市区域板块	8743940379	1287687274	昆明五华区新楼盘	2	1	1.30	1.30
2014-08-21	7034363	baidu-房多多-上海8131931	16690006	昆明-实力壹方城-全国	536529176	城市区域板块	8743940202	1446689539	昆明五华区房源	5	1	2.15	2.15
2014-08-21	7034363	baidu-房多多-上海8131931	16690006	昆明-实力壹方城-全国	536529176	城市区域板块	8747908124	1473269275	昆明龙泉路房屋	1	0	0.00	0.00
2014-08-21	7034363	baidu-房多多-上海8131931	16690006	昆明-实力壹方城-全国	536529176	城市区域板块	8747908010	1473269427	昆明五华区 楼盘	1	0	0.00	0.00
2014-08-21	7034363	baidu-房多多-上海8131931	16690006	昆明-实力壹方城-全国	536529176	城市区域板块	8743939740	1473270451	昆明白云路房屋	3	0	0.00	0.00
2014-08-21	7034363	baidu-房多多-上海8131931	16690006	昆明-实力壹方城-全国	536529176	城市区域板块	8743940217	1473270485	昆明五华区房屋	2	0	0.00	0.00
2014-08-21	7034363	baidu-房多多-上海8131931	16690006	昆明-实力壹方城-全国	536529176	城市区域板块	8743940889	1473270749	昆明五华区现在房价	4	2	1.36	0.68
2014-08-21	7034363	baidu-房多多-上海8131931	16690006	昆明-实力壹方城-全国	536529176	城市区域板块	8743939593	1473270764	昆明五华区新房价格	1	1	0.70	0.70
2014-08-21	7034363	baidu-房多多-上海8131931	16690006	昆明-实力壹方城-全国	536529176	城市区域板块	8743939782	1473270775	昆明五华区售房信息	4	0	0.00	0.00
2014-08-21	7034363	baidu-房多多-上海8131931	16690006	昆明-实力壹方城-全国	536529176	城市区域板块	8743940325	1473270853	昆明白云路房屋信息	1	0	0.00	0.00
2014-08-21	7034363	baidu-房多多-上海8131931	16690006	昆明-实力壹方城-全国	536529176	城市区域板块	8743940133	1473270870	昆明白云路最新楼盘	1	0	0.00	0.00
2014-08-21	7034363	baidu-房多多-上海8131931	16690006	昆明-实力壹方城-全国	536529176	城市区域板块	8726363854	1473270990	昆明一环新房	1	0	0.00	0.00
2014-08-21	7034363	baidu-房多多-上海8131931	16690006	昆明-实力壹方城-全国	536529176	城市区域板块	8726363179	1473271023	昆明一环买新房	1	0	0.00	0.00
2014-08-21	7034363	baidu-房多多-上海8131931	16690006	昆明-实力壹方城-全国	536529176	城市区域板块	8743942032	1473271576	昆明白云路最新房源	1	0	0.00	0.00
2014-08-21	7034363	baidu-房多多-上海8131931	16690006	昆明-实力壹方城-全国	536529176	城市区域板块	8743942035	1473271727	昆明五华区房源信息	2	1	2.88	2.88
2014-08-21	7034363	baidu-房多多-上海8131931	16690006	昆明-实力壹方城-全国	536529179	城市竞品词	8743942614	144928628	昆明滨江俊园房价	6	0	0.00	0.00
2014-08-21	7034363	baidu-房多多-上海8131931	16690006	昆明-实力壹方城-全国	536529179	城市竞品词	8743942599	148358527	昆明滨江俊园	22	3	4.12	1.37
2014-08-21	7034363	baidu-房多多-上海8131931	16690006	昆明-实力壹方城-全国	536529179	城市竞品词	8747912954	296512274	昆明盛唐城	7	2	5.61	2.80
2014-08-21	7034363	baidu-房多多-上海8131931	16690006	昆明-实力壹方城-全国	536529179	城市竞品词	8747913215	769049691	昆明葡萄街区房价	1	1	0.45	0.45
2014-08-21	7034363	baidu-房多多-上海8131931	16690006	昆明-实力壹方城-全国	536529179	城市竞品词	8747914133	826404393	昆明同德广场	45	1	2.18	2.18
2014-08-21	7034363	baidu-房多多-上海8131931	16690006	昆明-实力壹方城-全国	536529179	城市竞品词	8747913749	839382655	昆明葡萄街区	10	1	2.06	2.06
2014-08-21	7034363	baidu-房多多-上海8131931	16690006	昆明-实力壹方城-全国	536529179	城市竞品词	8747913326	890647698	昆明花香四季	7	0	0.00	0.00
2014-08-21	7034363	baidu-房多多-上海8131931	16690006	昆明-实力壹方城-全国	536529179	城市竞品词	8747912537	1042192676	昆明朗悦湾	3	0	0.00	0.00
2014-08-21	7034363	baidu-房多多-上海8131931	16690006	昆明-实力壹方城-全国	536529179	城市竞品词	8747912501	1152411078	昆明花香四季房价	2	0	0.00	0.00
2014-08-21	7034363	baidu-房多多-上海8131931	16690006	昆明-实力壹方城-全国	536529179	城市竞品词	8747913608	1205002963	昆明万科学府	16	3	1.49	0.50
2014-08-21	7034363	baidu-房多多-上海8131931	16690006	昆明-实力壹方城-全国	536529179	城市竞品词	8747913893	1249538780	昆明俊发城	27	4	9.07	2.27
2014-08-21	7034363	baidu-房多多-上海8131931	16690006	昆明-实力壹方城-全国	536529179	城市竞品词	8747913884	1253276341	昆明葡萄街区均价	2	0	0.00	0.00
2014-08-21	7034363	baidu-房多多-上海8131931	16690006	昆明-实力壹方城-全国	536529179	城市竞品词	8743941612	1379309953	昆明水晶郦城房型	1	0	0.00	0.00
2014-08-21	7034363	baidu-房多多-上海8131931	16690006	昆明-实力壹方城-全国	536529179	城市竞品词	8743942437	1379311655	昆明水晶郦城介绍	1	0	0.00	0.00
2014-08-21	7034363	baidu-房多多-上海8131931	16690006	昆明-实力壹方城-全国	536529179	城市竞品词	8743942473	1379438306	昆明学府路8号出售	2	0	0.00	0.00
2014-08-21	7034363	baidu-房多多-上海8131931	16690006	昆明-实力壹方城-全国	536529179	城市竞品词	8743942524	1379438330	昆明学府路8号	7	1	1.89	1.89
2014-08-21	7034363	baidu-房多多-上海8131931	16690006	昆明-实力壹方城-全国	536529179	城市竞品词	8743941486	1379438355	昆明学府路8号均价	1	0	0.00	0.00
2014-08-21	7034363	baidu-房多多-上海8131931	16690006	昆明-实力壹方城-全国	536529179	城市竞品词	8743942533	1379438364	昆明学府路8号房产	2	0	0.00	0.00
2014-08-21	7034363	baidu-房多多-上海8131931	16690006	昆明-实力壹方城-全国	536529179	城市竞品词	8747913140	1379438535	昆明买滨江俊园	1	0	0.00	0.00
2014-08-21	7034363	baidu-房多多-上海8131931	16690006	昆明-实力壹方城-全国	536529179	城市竞品词	8747913842	1379438629	昆明滨江俊园介绍	2	0	0.00	0.00
2014-08-21	7034363	baidu-房多多-上海8131931	16690006	昆明-实力壹方城-全国	536529179	城市竞品词	8747913746	1379438670	昆明滨江俊园小区	4	0	0.00	0.00
2014-08-21	7034363	baidu-房多多-上海8131931	16690006	昆明-实力壹方城-全国	536529179	城市竞品词	8747914034	1379439019	昆明俊发城小区	1	1	0.85	0.85
2014-08-21	7034363	baidu-房多多-上海8131931	16690006	昆明-实力壹方城-全国	536529179	城市竞品词	8747913623	1379439047	昆明万科学府价格	6	0	0.00	0.00
2014-08-21	7034363	baidu-房多多-上海8131931	16690006	昆明-实力壹方城-全国	536529179	城市竞品词	8747914070	1379439057	昆明买俊发城	1	0	0.00	0.00
2014-08-21	7034363	baidu-房多多-上海8131931	16690006	昆明-实力壹方城-全国	536529179	城市竞品词	8747913866	1379439178	昆明俊发城楼盘	2	1	2.01	2.01
2014-08-21	7034363	baidu-房多多-上海8131931	16690006	昆明-实力壹方城-全国	536529179	城市竞品词	8747914226	1379439196	昆明盛唐城介绍	1	0	0.00	0.00
2014-08-21	7034363	baidu-房多多-上海8131931	16690006	昆明-实力壹方城-全国	536529179	城市竞品词	8747913062	1379439275	昆明俊发城房型	1	0	0.00	0.00
2014-08-21	7034363	baidu-房多多-上海8131931	16690006	昆明-实力壹方城-全国	536529179	城市竞品词	8747913989	1379439391	昆明俊发城户型	2	0	0.00	0.00
2014-08-21	7034363	baidu-房多多-上海8131931	16690006	昆明-实力壹方城-全国	536529179	城市竞品词	8747913224	1473271912	昆明同德广场房产	4	0	0.00	0.00
2014-08-21	7034363	baidu-房多多-上海8131931	16690006	昆明-实力壹方城-全国	536529179	城市竞品词	8747913290	1473271925	昆明同德广场在线	1	0	0.00	0.00
2014-08-21	7034363	baidu-房多多-上海8131931	16690006	昆明-实力壹方城-全国	536529179	城市竞品词	8747912636	1473271933	昆明同德广场网	2	0	0.00	0.00
2014-08-21	7034363	baidu-房多多-上海8131931	16690006	昆明-实力壹方城-全国	536529179	城市竞品词	8747913299	1473271978	昆明同德广场房价	2	0	0.00	0.00
2014-08-21	7034363	baidu-房多多-上海8131931	16690006	昆明-实力壹方城-全国	536529179	城市竞品词	8747913455	1473272021	昆明花香四季怎么样	1	0	0.00	0.00
2014-08-21	7034363	baidu-房多多-上海8131931	16690006	昆明-实力壹方城-全国	536529179	城市竞品词	8747912516	1473272026	昆明花香四季房产	1	0	0.00	0.00
2014-08-21	7034363	baidu-房多多-上海8131931	16690006	昆明-实力壹方城-全国	536529179	城市竞品词	8747912558	1473272029	昆明朗悦湾介绍	10	1	3.21	3.21
2014-08-21	7034363	baidu-房多多-上海8131931	16690006	昆明-实力壹方城-全国	536529179	城市竞品词	8747913011	1473272051	昆明查询葡萄街区	1	0	0.00	0.00
2014-08-21	7034363	baidu-房多多-上海8131931	16690006	昆明-实力壹方城-全国	536529179	城市竞品词	8747913482	1473272063	昆明朗悦湾均价	1	0	0.00	0.00
2014-08-21	7034363	baidu-房多多-上海8131931	16690006	昆明-实力壹方城-全国	536529179	城市竞品词	8747913536	1473272086	昆明朗悦湾在线	1	0	0.00	0.00
2014-08-21	7034363	baidu-房多多-上海8131931	16690006	昆明-实力壹方城-全国	536529179	城市竞品词	8747912510	1473272116	昆明花香四季介绍	23	4	8.46	2.12
2014-08-21	7034363	baidu-房多多-上海8131931	16690006	昆明-实力壹方城-全国	536529179	城市竞品词	8747913461	1473272122	昆明热销花香四季	1	0	0.00	0.00
2014-08-21	7034363	baidu-房多多-上海8131931	16690006	昆明-实力壹方城-全国	536529179	城市竞品词	8747913743	1473272159	昆明葡萄街区介绍	8	1	0.39	0.39
2014-08-21	7034363	baidu-房多多-上海8131931	16690006	昆明-实力壹方城-全国	536529179	城市竞品词	8747913539	1473272162	昆明朗悦湾售楼电话	1	0	0.00	0.00
2014-08-21	7034363	baidu-房多多-上海8131931	16690006	昆明-实力壹方城-全国	536529179	城市竞品词	8747912696	1473272173	昆明同德广场小区	1	0	0.00	0.00
2014-08-21	7034363	baidu-房多多-上海8131931	16690006	昆明-实力壹方城-全国	536529179	城市竞品词	8747912492	1473272190	昆明花香四季新房	1	1	0.38	0.38
2014-08-21	7034363	baidu-房多多-上海8131931	16690042	昆明-实力壹方城-通用	534807448	通用词	8726381881	431847	昆明房地产信息	1	0	0.00	0.00
2014-08-21	7034363	baidu-房多多-上海8131931	16690042	昆明-实力壹方城-通用	534807448	通用词	8726381422	441552	昆明房产信息	7	2	1.37	0.68
2014-08-21	7034363	baidu-房多多-上海8131931	16690042	昆明-实力壹方城-通用	534807448	通用词	8726381428	441627	昆明房产信息网	15	3	3.61	1.20
2014-08-21	7034363	baidu-房多多-上海8131931	16690042	昆明-实力壹方城-通用	534807448	通用词	8726381440	3917208	昆明楼盘信息	10	3	5.08	1.69
2014-08-21	7034363	baidu-房多多-上海8131931	16690042	昆明-实力壹方城-通用	534807448	通用词	8726381872	3933785	昆明房屋信息	2	0	0.00	0.00
2014-08-21	7034363	baidu-房多多-上海8131931	16690042	昆明-实力壹方城-通用	534807448	通用词	8726381434	3933824	昆明房产网	13	0	0.00	0.00
2014-08-21	7034363	baidu-房多多-上海8131931	16690042	昆明-实力壹方城-通用	534807448	通用词	8726381869	6195224	昆明房地产网站	1	1	2.45	2.45
2014-08-21	7034363	baidu-房多多-上海8131931	16690042	昆明-实力壹方城-通用	534807448	通用词	8726381707	7396784	昆明新房	1	0	0.00	0.00
2014-08-21	7034363	baidu-房多多-上海8131931	16690042	昆明-实力壹方城-通用	534807448	通用词	8726381956	9974016	昆明买房	30	3	6.39	2.13
2014-08-21	7034363	baidu-房多多-上海8131931	16690042	昆明-实力壹方城-通用	534807448	通用词	8726381560	10753586	昆明买房网	2	0	0.00	0.00
2014-08-21	7034363	baidu-房多多-上海8131931	16690042	昆明-实力壹方城-通用	534807448	通用词	8949081942	10753620	昆明市房产信息	8	2	3.43	1.72
2014-08-21	7034363	baidu-房多多-上海8131931	16690042	昆明-实力壹方城-通用	534807448	通用词	8726381830	10753665	昆明新房信息	1	0	0.00	0.00
2014-08-21	7034363	baidu-房多多-上海8131931	16690042	昆明-实力壹方城-通用	534807448	通用词	8726381539	10909457	昆明学区房	1	0	0.00	0.00
2014-08-21	7034363	baidu-房多多-上海8131931	16690042	昆明-实力壹方城-通用	534807448	通用词	8726381566	10909459	昆明房价格	4	1	1.55	1.55
2014-08-21	7034363	baidu-房多多-上海8131931	16690042	昆明-实力壹方城-通用	534807448	通用词	8726381782	11620811	昆明楼盘	12	0	0.00	0.00
2014-08-21	7034363	baidu-房多多-上海8131931	16690042	昆明-实力壹方城-通用	534807448	通用词	8726381752	15381397	昆明房价	142	21	40.00	1.90
2014-08-21	7034363	baidu-房多多-上海8131931	16690042	昆明-实力壹方城-通用	534807448	通用词	8726381713	63469417	昆明新楼盘	16	2	3.45	1.72
2014-08-21	7034363	baidu-房多多-上海8131931	16690042	昆明-实力壹方城-通用	534807448	通用词	8726381695	67618245	昆明购房	20	0	0.00	0.00
2014-08-21	7034363	baidu-房多多-上海8131931	16690042	昆明-实力壹方城-通用	534807448	通用词	8949081918	68535233	昆明市房产	52	3	3.26	1.09
2014-08-21	7034363	baidu-房多多-上海8131931	16690042	昆明-实力壹方城-通用	534807448	通用词	8726381554	73467610	昆明的房价	12	1	0.30	0.30
2014-08-21	7034363	baidu-房多多-上海8131931	16690042	昆明-实力壹方城-通用	534807448	通用词	8726381803	78463154	昆明房源	16	3	6.97	2.32
2014-08-21	7034363	baidu-房多多-上海8131931	16690042	昆明-实力壹方城-通用	534807448	通用词	8726381833	90291990	昆明市房价	3	0	0.00	0.00
2014-08-21	7034363	baidu-房多多-上海8131931	16690042	昆明-实力壹方城-通用	534807448	通用词	8726381848	90732749	昆明最新楼盘	97	12	19.00	1.58
2014-08-21	7034363	baidu-房多多-上海8131931	16690042	昆明-实力壹方城-通用	534807448	通用词	8726381791	95904339	昆明房价网	9	1	0.57	0.57
2014-08-21	7034363	baidu-房多多-上海8131931	16690042	昆明-实力壹方城-通用	534807448	通用词	8726381851	97602151	昆明团购房	3	0	0.00	0.00
2014-08-21	7034363	baidu-房多多-上海8131931	16690042	昆明-实力壹方城-通用	534807448	通用词	8726381725	103010389	昆明房产网站	9	0	0.00	0.00
2014-08-21	7034363	baidu-房多多-上海8131931	16690042	昆明-实力壹方城-通用	534807448	通用词	8949081927	122802869	昆明市房地产	39	3	4.76	1.59
2014-08-21	7034363	baidu-房多多-上海8131931	16690042	昆明-实力壹方城-通用	534807448	通用词	8726381413	128485982	昆明在售楼盘	2	0	0.00	0.00
2014-08-21	7034363	baidu-房多多-上海8131931	16690042	昆明-实力壹方城-通用	534807448	通用词	8726381944	135891948	昆明新开盘楼盘	2	0	0.00	0.00
2014-08-21	7034363	baidu-房多多-上海8131931	16690042	昆明-实力壹方城-通用	534807448	通用词	8726381464	136272090	昆明新开楼盘	12	2	4.02	2.01
2014-08-21	7034363	baidu-房多多-上海8131931	16690042	昆明-实力壹方城-通用	534807448	通用词	8726381776	136273184	昆明近期房价	3	0	0.00	0.00
2014-08-21	7034363	baidu-房多多-上海8131931	16690042	昆明-实力壹方城-通用	534807448	通用词	8726381815	136273187	昆明最新房价	44	7	4.16	0.59
2014-08-21	7034363	baidu-房多多-上海8131931	16690042	昆明-实力壹方城-通用	534807448	通用词	8726381581	136273191	昆明平均房价	3	0	0.00	0.00
2014-08-21	7034363	baidu-房多多-上海8131931	16690042	昆明-实力壹方城-通用	534807448	通用词	8726381425	136273205	昆明房价多少	34	2	1.63	0.82
2014-08-21	7034363	baidu-房多多-上海8131931	16690042	昆明-实力壹方城-通用	534807448	通用词	8726381665	136273208	昆明房价信息	7	1	0.92	0.92
2014-08-21	7034363	baidu-房多多-上海8131931	16690042	昆明-实力壹方城-通用	534807448	通用词	8726381785	157983667	在昆明买房	11	1	0.38	0.38
2014-08-21	7034363	baidu-房多多-上海8131931	16690042	昆明-实力壹方城-通用	534807448	通用词	8726381926	165591280	昆明新房网	8	0	0.00	0.00
2014-08-21	7034363	baidu-房多多-上海8131931	16690042	昆明-实力壹方城-通用	534807448	通用词	8726381437	182482245	昆明 买房	1	0	0.00	0.00
2014-08-21	7034363	baidu-房多多-上海8131931	16690042	昆明-实力壹方城-通用	534807448	通用词	8726381638	217595791	昆明新开盘的楼盘	5	3	5.95	1.98
2014-08-21	7034363	baidu-房多多-上海8131931	16690042	昆明-实力壹方城-通用	534807448	通用词	8726381740	219370064	昆明市楼盘	7	2	2.43	1.22
2014-08-21	7034363	baidu-房多多-上海8131931	16690042	昆明-实力壹方城-通用	534807448	通用词	8726381632	221219828	昆明市新楼盘	17	1	0.67	0.67
2014-08-21	7034363	baidu-房多多-上海8131931	16690042	昆明-实力壹方城-通用	534807448	通用词	8726381431	225145633	昆明买房子	8	0	0.00	0.00
2014-08-21	7034363	baidu-房多多-上海8131931	16690042	昆明-实力壹方城-通用	534807448	通用词	8726381662	254485548	昆明最新楼盘信息	4	1	0.49	0.49
2014-08-21	7034363	baidu-房多多-上海8131931	16690042	昆明-实力壹方城-通用	534807448	通用词	8726381863	264369067	昆明现房	4	1	0.30	0.30
2014-08-21	7034363	baidu-房多多-上海8131931	16690042	昆明-实力壹方城-通用	534807448	通用词	8726381809	291253863	昆明新楼盘房价	3	1	0.72	0.72
2014-08-21	7034363	baidu-房多多-上海8131931	16690042	昆明-实力壹方城-通用	534807448	通用词	8726381449	291434852	昆明新开盘	3	0	0.00	0.00
2014-08-21	7034363	baidu-房多多-上海8131931	16690042	昆明-实力壹方城-通用	534807448	通用词	8726381980	294202808	昆明最新开盘	2	0	0.00	0.00
2014-08-21	7034363	baidu-房多多-上海8131931	16690042	昆明-实力壹方城-通用	534807448	通用词	8726381410	294202823	昆明房屋价格	3	1	1.21	1.21
2014-08-21	7034363	baidu-房多多-上海8131931	16690042	昆明-实力壹方城-通用	534807448	通用词	8949081924	294227354	昆明市中心房价	1	0	0.00	0.00
2014-08-21	7034363	baidu-房多多-上海8131931	16690042	昆明-实力壹方城-通用	534807448	通用词	8726381461	294713083	昆明 楼盘	27	1	0.83	0.83
2014-08-21	7034363	baidu-房多多-上海8131931	16690042	昆明-实力壹方城-通用	534807448	通用词	8726381824	295615596	昆明市的房价	33	0	0.00	0.00
2014-08-21	7034363	baidu-房多多-上海8131931	16690042	昆明-实力壹方城-通用	534807448	通用词	8726381977	297077090	昆明的新楼盘	2	0	0.00	0.00
2014-08-21	7034363	baidu-房多多-上海8131931	16690042	昆明-实力壹方城-通用	534807448	通用词	8726381866	303208733	昆明市房价网	5	0	0.00	0.00
2014-08-21	7034363	baidu-房多多-上海8131931	16690042	昆明-实力壹方城-通用	534807448	通用词	8726381485	303208734	昆明房价信息网	11	0	0.00	0.00
2014-08-21	7034363	baidu-房多多-上海8131931	16690042	昆明-实力壹方城-通用	534807448	通用词	8726381893	303208871	昆明购新房	1	0	0.00	0.00
2014-08-21	7034363	baidu-房多多-上海8131931	16690042	昆明-实力壹方城-通用	534807448	通用词	8726381734	303208922	昆明 购房	3	0	0.00	0.00
2014-08-21	7034363	baidu-房多多-上海8131931	16690042	昆明-实力壹方城-通用	534807448	通用词	8726381875	303208966	昆明 买新房	7	0	0.00	0.00
2014-08-21	7034363	baidu-房多多-上海8131931	16690042	昆明-实力壹方城-通用	534807448	通用词	8726381722	422818643	昆明 新楼盘	8	1	1.70	1.70
2014-08-21	7034363	baidu-房多多-上海8131931	16690042	昆明-实力壹方城-通用	534807448	通用词	8726381764	449369872	昆明最新房价信息	3	0	0.00	0.00
2014-08-21	7034363	baidu-房多多-上海8131931	16690042	昆明-实力壹方城-通用	534807448	通用词	8726381716	458365080	昆明 新房	18	2	1.05	0.52
2014-08-21	7034363	baidu-房多多-上海8131931	16690042	昆明-实力壹方城-通用	534807448	通用词	8726381476	511409753	昆明市新开楼盘	2	1	0.58	0.58
2014-08-21	7034363	baidu-房多多-上海8131931	16690042	昆明-实力壹方城-通用	534807448	通用词	8726381806	577459952	昆明新开楼盘价格	1	0	0.00	0.00
2014-08-21	7034363	baidu-房多多-上海8131931	16690042	昆明-实力壹方城-通用	534807448	通用词	8726381812	632257442	昆明好的楼盘	4	3	4.29	1.43
2014-08-21	7034363	baidu-房多多-上海8131931	16690042	昆明-实力壹方城-通用	534807448	通用词	8726381860	632257443	昆明高端楼盘	1	0	0.00	0.00
2014-08-21	7034363	baidu-房多多-上海8131931	16690042	昆明-实力壹方城-通用	534807448	通用词	8726381836	632257446	昆明房产新房	6	1	0.42	0.42
2014-08-21	7034363	baidu-房多多-上海8131931	16690042	昆明-实力壹方城-通用	534807448	通用词	8726381458	632739396	昆明新房价格	1	0	0.00	0.00
2014-08-21	7034363	baidu-房多多-上海8131931	16690042	昆明-实力壹方城-通用	534807448	通用词	8726381842	632739398	昆明最新楼盘价格	18	4	2.10	0.52
2014-08-21	7034363	baidu-房多多-上海8131931	16690042	昆明-实力壹方城-通用	534807448	通用词	8726381671	632739400	昆明新房均价	1	0	0.00	0.00
2014-08-21	7034363	baidu-房多多-上海8131931	16690042	昆明-实力壹方城-通用	534807448	通用词	8726381950	632739414	昆明新房出售	2	1	2.05	2.05
2014-08-21	7034363	baidu-房多多-上海8131931	16690042	昆明-实力壹方城-通用	534807448	通用词	8726381710	632739415	昆明新开的楼盘	1	0	0.00	0.00
2014-08-21	7034363	baidu-房多多-上海8131931	16690042	昆明-实力壹方城-通用	534807448	通用词	8726381959	632739485	昆明新房出售信息	4	1	0.37	0.37
2014-08-21	7034363	baidu-房多多-上海8131931	16690042	昆明-实力壹方城-通用	534807448	通用词	8726381761	632739493	昆明新房团购	1	0	0.00	0.00
2014-08-21	7034363	baidu-房多多-上海8131931	16690042	昆明-实力壹方城-通用	534807448	通用词	8726381527	632739516	昆明新楼盘开盘信息	1	0	0.00	0.00
2014-08-21	7034363	baidu-房多多-上海8131931	16690042	昆明-实力壹方城-通用	534807448	通用词	8726381692	632739520	昆明楼盘推荐	1	0	0.00	0.00
2014-08-21	7034363	baidu-房多多-上海8131931	16690042	昆明-实力壹方城-通用	534807448	通用词	8726381923	799442336	昆明新房源	1	0	0.00	0.00
2014-08-21	7034363	baidu-房多多-上海8131931	16690042	昆明-实力壹方城-通用	534807448	通用词	8726381536	845085701	昆明市学区房	1	0	0.00	0.00
2014-08-21	7034363	baidu-房多多-上海8131931	16690042	昆明-实力壹方城-通用	534807448	通用词	8726381767	1219315289	2014昆明房价	21	4	5.87	1.47
2014-08-21	7034363	baidu-房多多-上海8131931	16690042	昆明-实力壹方城-通用	534807448	通用词	8726381968	1379469260	昆明市新房出售	1	0	0.00	0.00
2014-08-21	7034363	baidu-房多多-上海8131931	16690042	昆明-实力壹方城-通用	534807448	通用词	8726381884	1379469265	昆明万科新盘	2	0	0.00	0.00
2014-08-21	7034363	baidu-房多多-上海8131931	16690042	昆明-实力壹方城-通用	534807448	通用词	8726381467	1379469269	昆明市区楼盘	3	2	2.87	1.44
2014-08-21	7034363	baidu-房多多-上海8131931	16690042	昆明-实力壹方城-通用	534807448	通用词	8726381728	1379469271	昆明市房产信息网站	4	0	0.00	0.00
2014-08-21	7034363	baidu-房多多-上海8131931	16690042	昆明-实力壹方城-通用	534807448	通用词	8726381719	1379469278	昆明新房楼盘	1	1	1.16	1.16
2014-08-21	7034363	baidu-房多多-上海8131931	16690042	昆明-实力壹方城-通用	534807448	通用词	8726381773	1379469281	昆明 新房房价	2	0	0.00	0.00
2014-08-21	7034363	baidu-房多多-上海8131931	16690042	昆明-实力壹方城-通用	534807448	通用词	8726381941	1379469283	昆明房价 走势	52	11	13.14	1.19
2014-08-21	7034363	baidu-房多多-上海8131931	16690042	昆明-实力壹方城-通用	534807448	通用词	8726381506	1379469291	昆明新开楼盘房价	1	0	0.00	0.00
2014-08-21	7034363	baidu-房多多-上海8131931	16690042	昆明-实力壹方城-通用	534807448	通用词	8726381698	1379469292	昆明好房子	2	0	0.00	0.00
2014-08-21	7034363	baidu-房多多-上海8131931	16690042	昆明-实力壹方城-通用	534807448	通用词	8726381542	1379469295	昆明看房团	1	1	1.64	1.64
2014-08-21	7034363	baidu-房多多-上海8131931	16690042	昆明-实力壹方城-通用	534807448	通用词	8726381470	1379469299	昆明性价比楼盘	1	1	0.92	0.92
2014-08-21	7034363	baidu-房多多-上海8131931	16690042	昆明-实力壹方城-通用	534807448	通用词	8949081939	1389034890	昆明市中心楼盘	2	1	0.41	0.41
2014-08-21	7034363	baidu-房多多-上海8131931	16690042	昆明-实力壹方城-通用	534807448	通用词	8726381455	1467640021	昆明市 学区房	1	1	0.39	0.39
2014-08-21	7034363	baidu-房多多-上海8131931	16690042	昆明-实力壹方城-通用	534807448	通用词	8726381584	1473272621	昆明市 地铁房	1	1	0.30	0.30
2014-08-21	7034363	baidu-房多多-上海8131931	16690042	昆明-实力壹方城-通用	534807448	通用词	8726381515	1473272623	昆明新房报价	1	0	0.00	0.00
2014-08-21	7034363	baidu-房多多-上海8131931	16792022	昆明-实力壹方城-本地	534805939	竞品词	8726205754	816594	花香四季	7	1	0.80	0.80
2014-08-21	7034363	baidu-房多多-上海8131931	16792022	昆明-实力壹方城-本地	534805939	竞品词	8747768273	1380156	水晶郦城	2	0	0.00	0.00
2014-08-21	7034363	baidu-房多多-上海8131931	16792022	昆明-实力壹方城-本地	534805939	竞品词	8934398548	60452737	万科金域国际	36	4	8.15	2.04
2014-08-21	7034363	baidu-房多多-上海8131931	16792022	昆明-实力壹方城-本地	534805939	竞品词	8726206516	91636753	朗悦湾	2	0	0.00	0.00
2014-08-21	7034363	baidu-房多多-上海8131931	16792022	昆明-实力壹方城-本地	534805939	竞品词	8747769038	91777534	滨江俊园	31	0	0.00	0.00
2014-08-21	7034363	baidu-房多多-上海8131931	16792022	昆明-实力壹方城-本地	534805939	竞品词	8726206000	91777542	盛唐城	4	0	0.00	0.00
2014-08-21	7034363	baidu-房多多-上海8131931	16792022	昆明-实力壹方城-本地	534805939	竞品词	8726205649	108293742	朗悦湾房价	2	0	0.00	0.00
2014-08-21	7034363	baidu-房多多-上海8131931	16792022	昆明-实力壹方城-本地	534805939	竞品词	8726205913	156888423	同德广场	11	1	2.42	2.42
2014-08-21	7034363	baidu-房多多-上海8131931	16792022	昆明-实力壹方城-本地	534805939	竞品词	8726205355	172198784	滨江俊园户型	3	0	0.00	0.00
2014-08-21	7034363	baidu-房多多-上海8131931	16792022	昆明-实力壹方城-本地	534805939	竞品词	8934398314	249128332	金尚俊园	34	2	9.03	4.52
2014-08-21	7034363	baidu-房多多-上海8131931	16792022	昆明-实力壹方城-本地	534805939	竞品词	8934397960	273279924	万宏国际	12	2	3.75	1.88
2014-08-21	7034363	baidu-房多多-上海8131931	16792022	昆明-实力壹方城-本地	534805939	竞品词	8747769053	419359605	滨江俊园房价	6	0	0.00	0.00
2014-08-21	7034363	baidu-房多多-上海8131931	16792022	昆明-实力壹方城-本地	534805939	竞品词	8934398452	419364649	金尚俊园房价	1	0	0.00	0.00
2014-08-21	7034363	baidu-房多多-上海8131931	16792022	昆明-实力壹方城-本地	534805939	竞品词	8726205343	458661203	滨江俊园小区	7	1	1.61	1.61
2014-08-21	7034363	baidu-房多多-上海8131931	16792022	昆明-实力壹方城-本地	534805939	竞品词	8934398569	617105156	万科金域国际房价	3	1	0.84	0.84
2014-08-21	7034363	baidu-房多多-上海8131931	16792022	昆明-实力壹方城-本地	534805939	竞品词	8934398068	621473916	万科金域国际户型	4	0	0.00	0.00
2014-08-21	7034363	baidu-房多多-上海8131931	16792022	昆明-实力壹方城-本地	534805939	竞品词	8934398251	628812780	金尚俊园户型	1	0	0.00	0.00
2014-08-21	7034363	baidu-房多多-上海8131931	16792022	昆明-实力壹方城-本地	534805939	竞品词	8726206417	628812877	葡萄街区	7	3	6.04	2.01
2014-08-21	7034363	baidu-房多多-上海8131931	16792022	昆明-实力壹方城-本地	534805939	竞品词	8934398263	628813025	金尚俊园均价	2	1	2.41	2.41
2014-08-21	7034363	baidu-房多多-上海8131931	16792022	昆明-实力壹方城-本地	534805939	竞品词	8726206648	707999371	万科学府	6	1	2.05	2.05
2014-08-21	7034363	baidu-房多多-上海8131931	16792022	昆明-实力壹方城-本地	534805939	竞品词	8726206213	784648331	葡萄街区怎么样	2	0	0.00	0.00
2014-08-21	7034363	baidu-房多多-上海8131931	16792022	昆明-实力壹方城-本地	534805939	竞品词	8726205193	805709367	俊发城房价	3	1	1.42	1.42
2014-08-21	7034363	baidu-房多多-上海8131931	16792022	昆明-实力壹方城-本地	534805939	竞品词	8726205229	805709384	俊发城	22	2	7.15	3.58
2014-08-21	7034363	baidu-房多多-上海8131931	16792022	昆明-实力壹方城-本地	534805939	竞品词	8726206186	805709398	俊发城怎么样	1	0	0.00	0.00
2014-08-21	7034363	baidu-房多多-上海8131931	16792022	昆明-实力壹方城-本地	534805939	竞品词	8726205439	824624502	滨江俊园楼盘	6	1	0.30	0.30
2014-08-21	7034363	baidu-房多多-上海8131931	16792022	昆明-实力壹方城-本地	534805939	竞品词	8747767946	824625940	滨江俊园房源	3	0	0.00	0.00
2014-08-21	7034363	baidu-房多多-上海8131931	16792022	昆明-实力壹方城-本地	534805939	竞品词	8726206438	828060994	滨江俊园房产	5	0	0.00	0.00
2014-08-21	7034363	baidu-房多多-上海8131931	16792022	昆明-实力壹方城-本地	534805939	竞品词	8726206504	890649205	花香四季房产	1	0	0.00	0.00
2014-08-21	7034363	baidu-房多多-上海8131931	16792022	昆明-实力壹方城-本地	534805939	竞品词	8934398050	978973177	万科金域国际样板房	2	0	0.00	0.00
2014-08-21	7034363	baidu-房多多-上海8131931	16792022	昆明-实力壹方城-本地	534805939	竞品词	8934398326	1042399759	金尚俊园售楼电话	2	1	0.94	0.94
2014-08-21	7034363	baidu-房多多-上海8131931	16792022	昆明-实力壹方城-本地	534805939	竞品词	8934398332	1175319954	金尚俊园怎么样	1	0	0.00	0.00
2014-08-21	7034363	baidu-房多多-上海8131931	16792022	昆明-实力壹方城-本地	534805939	竞品词	8934398329	1175319963	金尚俊园楼盘	2	0	0.00	0.00
2014-08-21	7034363	baidu-房多多-上海8131931	16792022	昆明-实力壹方城-本地	534805939	竞品词	8934398401	1210741015	金尚俊园开盘	2	0	0.00	0.00
2014-08-21	7034363	baidu-房多多-上海8131931	16792022	昆明-实力壹方城-本地	534805939	竞品词	8934398611	1252683617	万宏国际房价	4	1	1.85	1.85
2014-08-21	7034363	baidu-房多多-上海8131931	16792022	昆明-实力壹方城-本地	534805939	竞品词	8934398272	1262900398	万宏国际小区	2	0	0.00	0.00
2014-08-21	7034363	baidu-房多多-上海8131931	16792022	昆明-实力壹方城-本地	534805939	竞品词	8726206201	1262900742	俊发城小区	1	0	0.00	0.00
2014-08-21	7034363	baidu-房多多-上海8131931	16792022	昆明-实力壹方城-本地	534805939	竞品词	8934398341	1262976165	金尚俊园小区	1	0	0.00	0.00
2014-08-21	7034363	baidu-房多多-上海8131931	16792022	昆明-实力壹方城-本地	534805939	竞品词	8743819449	1267037086	万科学府样板房	1	0	0.00	0.00
2014-08-21	7034363	baidu-房多多-上海8131931	16792022	昆明-实力壹方城-本地	534805939	竞品词	8726205361	1379311069	滨江俊园费用	1	0	0.00	0.00
2014-08-21	7034363	baidu-房多多-上海8131931	16792022	昆明-实力壹方城-本地	534805939	竞品词	8726206369	1379311203	滨江俊园详情	1	0	0.00	0.00
2014-08-21	7034363	baidu-房多多-上海8131931	16792022	昆明-实力壹方城-本地	534805939	竞品词	8726205394	1379311218	滨江俊园多少钱	1	0	0.00	0.00
2014-08-21	7034363	baidu-房多多-上海8131931	16792022	昆明-实力壹方城-本地	534805939	竞品词	8726206390	1379311229	滨江俊园介绍	18	4	10.77	2.69
2014-08-21	7034363	baidu-房多多-上海8131931	16792022	昆明-实力壹方城-本地	534805939	竞品词	8747769050	1379311291	滨江俊园房型	3	0	0.00	0.00
2014-08-21	7034363	baidu-房多多-上海8131931	16792022	昆明-实力壹方城-本地	534805939	竞品词	8726206348	1379311342	滨江俊园在线	1	0	0.00	0.00
2014-08-21	7034363	baidu-房多多-上海8131931	16792022	昆明-实力壹方城-本地	534805939	竞品词	8934398461	1379311465	金尚俊园楼盘信息	3	1	2.25	2.25
2014-08-21	7034363	baidu-房多多-上海8131931	16792022	昆明-实力壹方城-本地	534805939	竞品词	8747767937	1379311479	滨江俊园出售	2	0	0.00	0.00
2014-08-21	7034363	baidu-房多多-上海8131931	16792022	昆明-实力壹方城-本地	534805939	竞品词	8934398224	1379311505	找金尚俊园	1	1	0.63	0.63
2014-08-21	7034363	baidu-房多多-上海8131931	16792022	昆明-实力壹方城-本地	534805939	竞品词	8934398335	1379311509	金尚俊园房型	1	0	0.00	0.00
2014-08-21	7034363	baidu-房多多-上海8131931	16792022	昆明-实力壹方城-本地	534805939	竞品词	8747767961	1379311537	滨江俊园新房	1	0	0.00	0.00
2014-08-21	7034363	baidu-房多多-上海8131931	16792022	昆明-实力壹方城-本地	534805939	竞品词	8747768876	1379311693	水晶郦城介绍	3	1	2.26	2.26
2014-08-21	7034363	baidu-房多多-上海8131931	16792022	昆明-实力壹方城-本地	534805939	竞品词	8726206171	1379311833	2014盛唐城	1	0	0.00	0.00
2014-08-21	7034363	baidu-房多多-上海8131931	16792022	昆明-实力壹方城-本地	534805939	竞品词	8747767979	1379361966	学府路8号评价	1	0	0.00	0.00
2014-08-21	7034363	baidu-房多多-上海8131931	16792022	昆明-实力壹方城-本地	534805939	竞品词	8747769083	1379361990	学府路8号多少钱	3	0	0.00	0.00
2014-08-21	7034363	baidu-房多多-上海8131931	16792022	昆明-实力壹方城-本地	534805939	竞品词	8747768003	1379362012	学府路8号户型	1	0	0.00	0.00
2014-08-21	7034363	baidu-房多多-上海8131931	16792022	昆明-实力壹方城-本地	534805939	竞品词	8747768954	1379362028	学府路8号	8	2	2.22	1.11
2014-08-21	7034363	baidu-房多多-上海8131931	16792022	昆明-实力壹方城-本地	534805939	竞品词	8747768966	1379362039	学府路8号介绍	18	1	3.20	3.20
2014-08-21	7034363	baidu-房多多-上海8131931	16792022	昆明-实力壹方城-本地	534805939	竞品词	8747769086	1379362041	买学府路8号	1	0	0.00	0.00
2014-08-21	7034363	baidu-房多多-上海8131931	16792022	昆明-实力壹方城-本地	534805939	竞品词	8747769005	1379362060	学府路8号售楼电话	2	0	0.00	0.00
2014-08-21	7034363	baidu-房多多-上海8131931	16792022	昆明-实力壹方城-本地	534805939	竞品词	8747768063	1379362090	热销学府路8号	1	1	1.99	1.99
2014-08-21	7034363	baidu-房多多-上海8131931	16792022	昆明-实力壹方城-本地	534805939	竞品词	8747769020	1379362093	学府路8号怎么样	2	1	1.98	1.98
2014-08-21	7034363	baidu-房多多-上海8131931	16792022	昆明-实力壹方城-本地	534805939	竞品词	8743819485	1379382462	买万科学府	1	1	0.62	0.62
2014-08-21	7034363	baidu-房多多-上海8131931	16792022	昆明-实力壹方城-本地	534805939	竞品词	8726206561	1473229984	花香四季售楼电话	1	1	1.28	1.28
2014-08-21	7034363	baidu-房多多-上海8131931	16792022	昆明-实力壹方城-本地	534805939	竞品词	8726205451	1473230126	朗悦湾售楼电话	1	0	0.00	0.00
2014-08-21	7034363	baidu-房多多-上海8131931	16792022	昆明-实力壹方城-本地	534805939	竞品词	8726205643	1473230169	朗悦湾介绍	2	1	3.85	3.85
2014-08-21	7034363	baidu-房多多-上海8131931	16792022	昆明-实力壹方城-本地	534805939	竞品词	8726205787	1473230194	同德广场小区	2	0	0.00	0.00
2014-08-21	7034363	baidu-房多多-上海8131931	16792022	昆明-实力壹方城-本地	534805942	品牌词	8743819641	921147086	实力壹方城	27	4	2.50	0.62
2014-08-21	7034363	baidu-房多多-上海8131931	16792022	昆明-实力壹方城-本地	534805942	品牌词	8743819581	921147166	实力壹方城户型	4	1	2.06	2.06
2014-08-21	7034363	baidu-房多多-上海8131931	16792022	昆明-实力壹方城-本地	534805942	品牌词	9850684370	1066617895	壹方城	7	1	1.64	1.64
2014-08-21	7034363	baidu-房多多-上海8131931	16792022	昆明-实力壹方城-本地	534805942	品牌词	8877388673	1308199470	实力一方城	2	0	0.00	0.00
2014-08-21	7034363	baidu-房多多-上海8131931	16792022	昆明-实力壹方城-本地	534805942	品牌词	8743819305	1308199507	实力壹方城开盘	1	0	0.00	0.00
2014-08-21	7034363	baidu-房多多-上海8131931	16792022	昆明-实力壹方城-本地	534805942	品牌词	8743819350	1473230240	热销实力壹方城	1	0	0.00	0.00
2014-08-21	7034363	baidu-房多多-上海8131931	16792022	昆明-实力壹方城-本地	534805942	品牌词	8743819626	1473230256	实力壹方城样板房	3	1	1.46	1.46
2014-08-21	7034363	baidu-房多多-上海8131931	16792022	昆明-实力壹方城-本地	534805942	品牌词	8743819356	1473230269	实力壹方城在线	1	0	0.00	0.00
2014-08-21	7034363	baidu-房多多-上海8131931	16792022	昆明-实力壹方城-本地	534805942	品牌词	8743819629	1473230273	实力壹方城好不好	2	0	0.00	0.00
2014-08-21	7034363	baidu-房多多-上海8131931	16792022	昆明-实力壹方城-本地	534805942	品牌词	8743819635	1473230279	实力壹方城介绍	8	2	1.21	0.60
2014-08-21	7034363	baidu-房多多-上海8131931	16792022	昆明-实力壹方城-本地	534805942	品牌词	8877388682	1509552221	实力一方城介绍	5	0	0.00	0.00
2014-08-21	7034363	baidu-房多多-上海8131931	16792022	昆明-实力壹方城-本地	534805942	品牌词	8877388736	1509552227	实力一方城户型	1	0	0.00	0.00
2014-08-21	7034363	baidu-房多多-上海8131931	16792022	昆明-实力壹方城-本地	534805942	品牌词	9850684151	1634215454	壹方城房源	1	0	0.00	0.00
2014-08-21	7034363	baidu-房多多-上海8131931	16792022	昆明-实力壹方城-本地	534805942	品牌词	9850684250	1634215455	壹方城小区	1	1	0.30	0.30
2014-08-21	7034363	baidu-房多多-上海8131931	16792022	昆明-实力壹方城-本地	534805942	品牌词	9850684349	1634215533	壹方城户型	1	0	0.00	0.00
2014-08-21	7034363	baidu-房多多-上海8131931	16792022	昆明-实力壹方城-本地	534805942	品牌词	9850684097	1634215557	壹方城介绍	3	0	0.00	0.00
2014-08-21	7034363	baidu-房多多-上海8131931	16792022	昆明-实力壹方城-本地	534805942	品牌词	9850684289	1634215568	壹方城房价	1	0	0.00	0.00
2014-08-21	7034363	baidu-房多多-上海8131931	16792022	昆明-实力壹方城-本地	534805945	区域板块	8726207743	89977060	一环楼盘	1	0	0.00	0.00
2014-08-21	7034363	baidu-房多多-上海8131931	16792022	昆明-实力壹方城-本地	534805945	区域板块	8877388799	103136969	西山新楼盘	2	0	0.00	0.00
2014-08-21	7034363	baidu-房多多-上海8131931	16792022	昆明-实力壹方城-本地	534805945	区域板块	8976026937	582285287	龙泉在售楼盘	1	0	0.00	0.00
2014-08-21	7034363	baidu-房多多-上海8131931	16792022	昆明-实力壹方城-本地	534805945	区域板块	8876855003	638147417	五华楼盘	2	0	0.00	0.00
2014-08-21	7034363	baidu-房多多-上海8131931	16792022	昆明-实力壹方城-本地	534805945	区域板块	9103552663	799451513	昆明最好的学区房	5	2	5.20	2.60
2014-08-21	7034363	baidu-房多多-上海8131931	16792022	昆明-实力壹方城-本地	534805945	区域板块	9103552669	1051398087	昆明学位房	8	1	0.67	0.67
2014-08-21	7034363	baidu-房多多-上海8131931	16792022	昆明-实力壹方城-本地	534805945	区域板块	8976027063	1186927679	龙泉房屋出售	2	1	0.66	0.66
2014-08-21	7034363	baidu-房多多-上海8131931	16792022	昆明-实力壹方城-本地	534805945	区域板块	8876854994	1446689320	西山区新房	2	0	0.00	0.00
2014-08-21	7034363	baidu-房多多-上海8131931	16792022	昆明-实力壹方城-本地	534805945	区域板块	8747761724	1473228027	五华区 楼盘	2	0	0.00	0.00
2014-08-21	7034363	baidu-房多多-上海8131931	16792022	昆明-实力壹方城-本地	534805945	区域板块	8747761703	1473228181	龙泉路出售房	3	0	0.00	0.00
2014-08-21	7034363	baidu-房多多-上海8131931	16792022	昆明-实力壹方城-本地	534805945	区域板块	8726209414	1473228818	五华区公寓	1	0	0.00	0.00
2014-08-21	7034363	baidu-房多多-上海8131931	16792022	昆明-实力壹方城-本地	534805945	区域板块	8726208772	1473228854	五华区现在房价	2	0	0.00	0.00
2014-08-21	7034363	baidu-房多多-上海8131931	16792022	昆明-实力壹方城-本地	534805945	区域板块	8747765195	1473229898	白云路 新房	1	0	0.00	0.00
2014-08-21	7034363	baidu-房多多-上海8131931	16792022	昆明-实力壹方城-本地	534805945	区域板块	8726208457	1473230435	一环出售房	1	0	0.00	0.00
2014-08-21	7034363	baidu-房多多-上海8131931	16792022	昆明-实力壹方城-本地	534805945	区域板块	8726207635	1473230481	一环现在房价	7	3	2.41	0.80
2014-08-21	7034363	baidu-房多多-上海8131931	16792022	昆明-实力壹方城-本地	534805945	区域板块	8726206909	1473230651	一环最新房源	1	0	0.00	0.00
2014-08-21	7034363	baidu-房多多-上海8131931	16792022	昆明-实力壹方城-本地	534805945	区域板块	8976026346	1519966935	北教场房屋	1	0	0.00	0.00
2014-08-21	7034363	baidu-房多多-上海8131931	16792022	昆明-实力壹方城-本地	534805945	区域板块	8976026667	1519967451	龙泉房出售	1	0	0.00	0.00
2014-08-21	7034363	baidu-房多多-上海8131931	16792140	昆明-东盟森林-本地	536090594	竞品词	8716067128	1380552	万科魅力之城	7	2	3.99	2.00
2014-08-21	7034363	baidu-房多多-上海8131931	16792140	昆明-东盟森林-本地	536090594	竞品词	8716067149	61076949	万科魅力之城样板房	1	0	0.00	0.00
2014-08-21	7034363	baidu-房多多-上海8131931	16792140	昆明-东盟森林-本地	536090594	竞品词	8716067170	70227071	万科魅力之城房产	1	0	0.00	0.00
2014-08-21	7034363	baidu-房多多-上海8131931	16792140	昆明-东盟森林-本地	536090594	竞品词	8716067002	70532214	新螺蛳湾	39	0	0.00	0.00
2014-08-21	7034363	baidu-房多多-上海8131931	16792140	昆明-东盟森林-本地	536090594	竞品词	8716066114	128173236	海伦国际	35	1	1.96	1.96
2014-08-21	7034363	baidu-房多多-上海8131931	16792140	昆明-东盟森林-本地	536090594	竞品词	8716066309	265978197	万科公园里	2	1	0.30	0.30
2014-08-21	7034363	baidu-房多多-上海8131931	16792140	昆明-东盟森林-本地	536090594	竞品词	8716066948	299398315	新螺蛳湾网	1	0	0.00	0.00
2014-08-21	7034363	baidu-房多多-上海8131931	16792140	昆明-东盟森林-本地	536090594	竞品词	8716066264	335224865	万科公园里房价	1	0	0.00	0.00
2014-08-21	7034363	baidu-房多多-上海8131931	16792140	昆明-东盟森林-本地	536090594	竞品词	8716066249	335227233	万科公园里怎么样	2	0	0.00	0.00
2014-08-21	7034363	baidu-房多多-上海8131931	16792140	昆明-东盟森林-本地	536090594	竞品词	8716066579	419363577	新螺蛳湾小区	2	0	0.00	0.00
2014-08-21	7034363	baidu-房多多-上海8131931	16792140	昆明-东盟森林-本地	536090594	竞品词	8716066102	571797159	海伦国际出售	1	0	0.00	0.00
2014-08-21	7034363	baidu-房多多-上海8131931	16792140	昆明-东盟森林-本地	536090594	竞品词	8716065994	628812802	海伦国际户型	1	0	0.00	0.00
2014-08-21	7034363	baidu-房多多-上海8131931	16792140	昆明-东盟森林-本地	536090594	竞品词	8716065973	628813357	海伦国际房价	2	0	0.00	0.00
2014-08-21	7034363	baidu-房多多-上海8131931	16792140	昆明-东盟森林-本地	536090594	竞品词	8716066045	784646020	海伦国际楼盘	2	0	0.00	0.00
2014-08-21	7034363	baidu-房多多-上海8131931	16792140	昆明-东盟森林-本地	536090594	竞品词	8716065970	784646024	海伦国际怎么样	4	0	0.00	0.00
2014-08-21	7034363	baidu-房多多-上海8131931	16792140	昆明-东盟森林-本地	536090594	竞品词	8716067038	916256312	新螺蛳湾楼盘	4	1	2.87	2.87
2014-08-21	7034363	baidu-房多多-上海8131931	16792140	昆明-东盟森林-本地	536090594	竞品词	8716067056	916256380	新螺蛳湾房产	2	1	2.00	2.00
2014-08-21	7034363	baidu-房多多-上海8131931	16792140	昆明-东盟森林-本地	536090594	竞品词	8716066471	1029748672	万科魅力之城好不好	3	0	0.00	0.00
2014-08-21	7034363	baidu-房多多-上海8131931	16792140	昆明-东盟森林-本地	536090594	竞品词	8737607360	1253090914	中望城	6	1	2.43	2.43
2014-08-21	7034363	baidu-房多多-上海8131931	16792140	昆明-东盟森林-本地	536090594	竞品词	8716066126	1267037451	海伦国际信息	2	0	0.00	0.00
2014-08-21	7034363	baidu-房多多-上海8131931	16792140	昆明-东盟森林-本地	536090594	竞品词	8716066303	1267037579	海伦国际售楼电话	4	1	1.71	1.71
2014-08-21	7034363	baidu-房多多-上海8131931	16792140	昆明-东盟森林-本地	536090594	竞品词	8737607342	1469852898	2014中望城	1	0	0.00	0.00
2014-08-21	7034363	baidu-房多多-上海8131931	16792140	昆明-东盟森林-本地	536090594	竞品词	8737607300	1469852947	中望城房产	1	0	0.00	0.00
2014-08-21	7034363	baidu-房多多-上海8131931	16792140	昆明-东盟森林-本地	536090594	竞品词	8716066723	1469881995	中豪城小区	1	0	0.00	0.00
2014-08-21	7034363	baidu-房多多-上海8131931	16792140	昆明-东盟森林-本地	536090594	竞品词	8716066576	1469881999	新螺蛳湾热线	3	0	0.00	0.00
2014-08-21	7034363	baidu-房多多-上海8131931	16792140	昆明-东盟森林-本地	536090594	竞品词	8716066042	1469882007	海伦国际介绍	3	0	0.00	0.00
2014-08-21	7034363	baidu-房多多-上海8131931	16792140	昆明-东盟森林-本地	536090594	竞品词	8716066972	1469882034	买新螺蛳湾	1	0	0.00	0.00
2014-08-21	7034363	baidu-房多多-上海8131931	16792140	昆明-东盟森林-本地	536090594	竞品词	8716066300	1469882051	海伦国际楼盘信息	1	0	0.00	0.00
2014-08-21	7034363	baidu-房多多-上海8131931	16792140	昆明-东盟森林-本地	536090594	竞品词	8716066150	1469882057	海伦国际房价走势	1	0	0.00	0.00
2014-08-21	7034363	baidu-房多多-上海8131931	16792140	昆明-东盟森林-本地	536090594	竞品词	8716066855	1469882071	中豪城	7	0	0.00	0.00
2014-08-21	7034363	baidu-房多多-上海8131931	16792140	昆明-东盟森林-本地	536090594	竞品词	8716066108	1469882098	万科公园里走势	1	0	0.00	0.00
2014-08-21	7034363	baidu-房多多-上海8131931	16792140	昆明-东盟森林-本地	536090594	竞品词	8716066588	1469882107	新螺蛳湾信息	2	0	0.00	0.00
2014-08-21	7034363	baidu-房多多-上海8131931	16792140	昆明-东盟森林-本地	536090594	竞品词	8716066777	1469882181	中豪城样板房	1	0	0.00	0.00
2014-08-21	7034363	baidu-房多多-上海8131931	16792140	昆明-东盟森林-本地	536090594	竞品词	8716066999	1469882230	新螺蛳湾多少钱	1	0	0.00	0.00
2014-08-21	7034363	baidu-房多多-上海8131931	16792140	昆明-东盟森林-本地	536090594	竞品词	8716066990	1469882274	新螺蛳湾房型	1	0	0.00	0.00
2014-08-21	7034363	baidu-房多多-上海8131931	16792140	昆明-东盟森林-本地	536090594	竞品词	8716067011	1469882306	新螺蛳湾介绍	6	0	0.00	0.00
2014-08-21	7034363	baidu-房多多-上海8131931	16792140	昆明-东盟森林-本地	536090594	竞品词	8716067119	1469882316	万科魅力之城介绍	9	3	4.79	1.60
2014-08-21	7034363	baidu-房多多-上海8131931	16792140	昆明-东盟森林-本地	536090597	区域板块	8816528766	1483507857	斗南房源信息	1	0	0.00	0.00
2014-08-21	7034363	baidu-房多多-上海8131931	16792140	昆明-东盟森林-本地	536090612	品牌词	8737608584	118699370	东盟森林	54	16	14.98	0.94
2014-08-21	7034363	baidu-房多多-上海8131931	16792140	昆明-东盟森林-本地	536090612	品牌词	8737607105	271647636	东盟森林房价	4	3	4.58	1.53
2014-08-21	7034363	baidu-房多多-上海8131931	16792140	昆明-东盟森林-本地	536090612	品牌词	8737608644	295855918	东盟森林楼盘	2	0	0.00	0.00
2014-08-21	7034363	baidu-房多多-上海8131931	16792140	昆明-东盟森林-本地	536090612	品牌词	8737608596	628813177	东盟森林价格	2	1	0.58	0.58
2014-08-21	7034363	baidu-房多多-上海8131931	16792140	昆明-东盟森林-本地	536090612	品牌词	8737608677	784648282	东盟森林怎么样	3	1	0.30	0.30
2014-08-21	7034363	baidu-房多多-上海8131931	16792140	昆明-东盟森林-本地	536090612	品牌词	8737608605	1043726861	东盟森林小区	1	0	0.00	0.00
2014-08-21	7034363	baidu-房多多-上海8131931	16792140	昆明-东盟森林-本地	536090612	品牌词	8737607234	1043726862	东盟森林样板房	1	0	0.00	0.00
2014-08-21	7034363	baidu-房多多-上海8131931	16792140	昆明-东盟森林-本地	536090612	品牌词	8737607267	1417221260	东盟森林售楼电话	3	2	2.19	1.10
2014-08-21	7034363	baidu-房多多-上海8131931	16792140	昆明-东盟森林-本地	536090612	品牌词	8737607114	1469852661	东盟森林房产	3	0	0.00	0.00
2014-08-21	7034363	baidu-房多多-上海8131931	16792140	昆明-东盟森林-本地	536090612	品牌词	8737607117	1469852687	东盟森林走势	2	1	0.51	0.51
2014-08-21	7034363	baidu-房多多-上海8131931	16792140	昆明-东盟森林-本地	536090612	品牌词	8737607201	1469852715	东盟森林介绍	28	10	12.61	1.26
2014-08-21	7034363	baidu-房多多-上海8131931	16792140	昆明-东盟森林-本地	536090612	品牌词	8737607219	1469852733	东盟森林房价走势	4	0	0.00	0.00
2014-08-21	7034363	baidu-房多多-上海8131931	16792140	昆明-东盟森林-本地	536090612	品牌词	8737607726	1469852757	2014房价东盟森林	1	0	0.00	0.00
2014-08-21	7034363	baidu-房多多-上海8131931	16792140	昆明-东盟森林-本地	536090612	品牌词	8737607246	1469852784	东盟森林房源	2	0	0.00	0.00
2014-08-21	7034363	baidu-房多多-上海8131931	16792140	昆明-东盟森林-本地	536090612	品牌词	8737608629	1469852852	东盟森林信息	1	1	0.96	0.96
2014-08-21	7034363	baidu-房多多-上海8131931	16792140	昆明-东盟森林-本地	536090612	品牌词	8823015623	1484571802	实力东盟森林	1	0	0.00	0.00
2014-08-21	7034363	baidu-房多多-上海8131931	16792143	昆明-东盟森林-全国	536090603	城市竞品词	8716079266	137091299	昆明海伦国际	16	2	6.28	3.14
2014-08-21	7034363	baidu-房多多-上海8131931	16792143	昆明-东盟森林-全国	536090603	城市竞品词	8716079770	513526716	昆明新螺蛳湾房价	8	1	0.30	0.30
2014-08-21	7034363	baidu-房多多-上海8131931	16792143	昆明-东盟森林-全国	536090603	城市竞品词	8716079203	769049684	昆明海伦国际房价	10	3	6.73	2.24
2014-08-21	7034363	baidu-房多多-上海8131931	16792143	昆明-东盟森林-全国	536090603	城市竞品词	8716079800	916256292	昆明新螺蛳湾房产	1	0	0.00	0.00
2014-08-21	7034363	baidu-房多多-上海8131931	16792143	昆明-东盟森林-全国	536090603	城市竞品词	8716079857	916256297	昆明新螺蛳湾楼盘	2	0	0.00	0.00
2014-08-21	7034363	baidu-房多多-上海8131931	16792143	昆明-东盟森林-全国	536090603	城市竞品词	8716079695	940815959	昆明万科魅力之城	22	3	4.72	1.57
2014-08-21	7034363	baidu-房多多-上海8131931	16792143	昆明-东盟森林-全国	536090603	城市竞品词	8716079311	993669497	昆明海伦国际楼盘	1	0	0.00	0.00
2014-08-21	7034363	baidu-房多多-上海8131931	16792143	昆明-东盟森林-全国	536090603	城市竞品词	8716079254	1026495041	昆明海伦国际怎么样	4	2	4.17	2.08
2014-08-21	7034363	baidu-房多多-上海8131931	16792143	昆明-东盟森林-全国	536090603	城市竞品词	8716079239	1026495043	昆明海伦国际户型	2	0	0.00	0.00
2014-08-21	7034363	baidu-房多多-上海8131931	16792143	昆明-东盟森林-全国	536090603	城市竞品词	8716079842	1152369044	昆明新螺蛳湾小区	6	0	0.00	0.00
2014-08-21	7034363	baidu-房多多-上海8131931	16792143	昆明-东盟森林-全国	536090603	城市竞品词	8716080295	1210751221	昆明海伦国际售楼电话	1	0	0.00	0.00
2014-08-21	7034363	baidu-房多多-上海8131931	16792143	昆明-东盟森林-全国	536090603	城市竞品词	8716079503	1445573069	昆明万科公园里	23	5	5.34	1.07
2014-08-21	7034363	baidu-房多多-上海8131931	16792143	昆明-东盟森林-全国	536090603	城市竞品词	8716079860	1469883248	昆明新螺蛳湾房源	2	2	6.87	3.44
2014-08-21	7034363	baidu-房多多-上海8131931	16792143	昆明-东盟森林-全国	536090603	城市竞品词	8716078831	1469883260	昆明中豪城房价	1	0	0.00	0.00
2014-08-21	7034363	baidu-房多多-上海8131931	16792143	昆明-东盟森林-全国	536090603	城市竞品词	8716079026	1469883286	昆明万科魅力之城价格	1	0	0.00	0.00
2014-08-21	7034363	baidu-房多多-上海8131931	16792143	昆明-东盟森林-全国	536090603	城市竞品词	8716079833	1469883293	昆明网上新螺蛳湾	3	0	0.00	0.00
2014-08-21	7034363	baidu-房多多-上海8131931	16792143	昆明-东盟森林-全国	536090603	城市竞品词	8716078930	1469883328	昆明新螺蛳湾怎么样	3	0	0.00	0.00
2014-08-21	7034363	baidu-房多多-上海8131931	16792143	昆明-东盟森林-全国	536090603	城市竞品词	8716078867	1469883329	昆明网上买新螺蛳湾	3	0	0.00	0.00
2014-08-21	7034363	baidu-房多多-上海8131931	16792143	昆明-东盟森林-全国	536090603	城市竞品词	8716079848	1469883355	昆明新螺蛳湾价格	14	2	7.28	3.64
2014-08-21	7034363	baidu-房多多-上海8131931	16792143	昆明-东盟森林-全国	536090603	城市竞品词	8716079527	1469883395	昆明万科公园里均价	1	0	0.00	0.00
2014-08-21	7034363	baidu-房多多-上海8131931	16792143	昆明-东盟森林-全国	536090603	城市竞品词	8716079416	1469883413	昆明万科公园里介绍	1	0	0.00	0.00
2014-08-21	7034363	baidu-房多多-上海8131931	16792143	昆明-东盟森林-全国	536090603	城市竞品词	8716078933	1469883421	昆明新螺蛳湾在线	6	1	2.62	2.62
2014-08-21	7034363	baidu-房多多-上海8131931	16792143	昆明-东盟森林-全国	536090603	城市竞品词	8716078870	1469883428	昆明新螺蛳湾介绍	48	1	0.54	0.54
2014-08-21	7034363	baidu-房多多-上海8131931	16792143	昆明-东盟森林-全国	536090603	城市竞品词	8716079362	1469883451	昆明海伦国际好不好	2	0	0.00	0.00
2014-08-21	7034363	baidu-房多多-上海8131931	16792143	昆明-东盟森林-全国	536090603	城市竞品词	8716078918	1469883457	昆明新螺蛳湾户型	3	0	0.00	0.00
2014-08-21	7034363	baidu-房多多-上海8131931	16792143	昆明-东盟森林-全国	536090603	城市竞品词	8716079869	1469883467	昆明新螺蛳湾购买	1	0	0.00	0.00
2014-08-21	7034363	baidu-房多多-上海8131931	16792143	昆明-东盟森林-全国	536090603	城市竞品词	8716079815	1469883484	昆明买新螺蛳湾	4	0	0.00	0.00
2014-08-21	7034363	baidu-房多多-上海8131931	16792143	昆明-东盟森林-全国	536090603	城市竞品词	8716079545	1469883492	昆明万科公园里评价	1	0	0.00	0.00
2014-08-21	7034363	baidu-房多多-上海8131931	16792143	昆明-东盟森林-全国	536090603	城市竞品词	8716080313	1469883505	昆明海伦国际新房	3	0	0.00	0.00
2014-08-21	7034363	baidu-房多多-上海8131931	16792143	昆明-东盟森林-全国	536090603	城市竞品词	8716080298	1469883519	昆明海伦国际开盘	1	0	0.00	0.00
2014-08-21	7034363	baidu-房多多-上海8131931	16792143	昆明-东盟森林-全国	536090603	城市竞品词	8716078909	1469883615	昆明新螺蛳湾网	17	4	12.88	3.22
2014-08-21	7034363	baidu-房多多-上海8131931	16792143	昆明-东盟森林-全国	536090603	城市竞品词	8716079326	1469883619	昆明找海伦国际	1	0	0.00	0.00
2014-08-21	7034363	baidu-房多多-上海8131931	16792143	昆明-东盟森林-全国	536090603	城市竞品词	8716078882	1469883667	昆明新螺蛳湾信息	2	0	0.00	0.00
2014-08-21	7034363	baidu-房多多-上海8131931	16792143	昆明-东盟森林-全国	536090603	城市竞品词	8716078858	1469883684	昆明找新螺蛳湾	3	0	0.00	0.00
2014-08-21	7034363	baidu-房多多-上海8131931	16792143	昆明-东盟森林-全国	536090606	城市品牌词	8716078564	1204301773	昆明中望城	9	2	2.22	1.11
2014-08-21	7034363	baidu-房多多-上海8131931	16792143	昆明-东盟森林-全国	536090606	城市品牌词	8716079176	1469883559	昆明中望城介绍	2	0	0.00	0.00
2014-08-21	7034363	baidu-房多多-上海8131931	16792143	昆明-东盟森林-全国	536090606	城市品牌词	8716080136	1469883650	昆明中望城多少钱	1	0	0.00	0.00
2014-08-21	7034363	baidu-房多多-上海8131931	16792146	昆明-东盟森林-通用	536090600	城市通用词	9124437344	431843	昆明房地产	7	0	0.00	0.00
2014-08-21	7034363	baidu-房多多-上海8131931	16792146	昆明-东盟森林-通用	536090600	城市通用词	8767674530	441552	昆明房产信息	1	0	0.00	0.00
2014-08-21	7034363	baidu-房多多-上海8131931	16792146	昆明-东盟森林-通用	536090600	城市通用词	9124437332	441557	昆明房产	36	2	1.07	0.54
2014-08-21	7034363	baidu-房多多-上海8131931	16792146	昆明-东盟森林-通用	536090600	城市通用词	8767674551	441627	昆明房产信息网	15	8	6.98	0.87
2014-08-21	7034363	baidu-房多多-上海8131931	16792146	昆明-东盟森林-通用	536090600	城市通用词	8767674248	3933785	昆明房屋信息	55	4	1.98	0.50
2014-08-21	7034363	baidu-房多多-上海8131931	16792146	昆明-东盟森林-通用	536090600	城市通用词	8767674566	3933824	昆明房产网	15	2	2.56	1.28
2014-08-21	7034363	baidu-房多多-上海8131931	16792146	昆明-东盟森林-通用	536090600	城市通用词	8767674299	9974016	昆明买房	3	0	0.00	0.00
2014-08-21	7034363	baidu-房多多-上海8131931	16792146	昆明-东盟森林-通用	536090600	城市通用词	8767674536	10753586	昆明买房网	1	0	0.00	0.00
2014-08-21	7034363	baidu-房多多-上海8131931	16792146	昆明-东盟森林-通用	536090600	城市通用词	9124437350	10753619	昆明市房产网	25	0	0.00	0.00
2014-08-21	7034363	baidu-房多多-上海8131931	16792146	昆明-东盟森林-通用	536090600	城市通用词	9124437353	10753621	昆明市房产信息网	4	0	0.00	0.00
2014-08-21	7034363	baidu-房多多-上海8131931	16792146	昆明-东盟森林-通用	536090600	城市通用词	8767674623	10753665	昆明新房信息	1	0	0.00	0.00
2014-08-21	7034363	baidu-房多多-上海8131931	16792146	昆明-东盟森林-通用	536090600	城市通用词	8767674281	10909459	昆明房价格	2	0	0.00	0.00
2014-08-21	7034363	baidu-房多多-上海8131931	16792146	昆明-东盟森林-通用	536090600	城市通用词	8767674464	11620811	昆明楼盘	19	3	3.06	1.02
2014-08-21	7034363	baidu-房多多-上海8131931	16792146	昆明-东盟森林-通用	536090600	城市通用词	9124437335	11651973	昆明房产交易	2	0	0.00	0.00
2014-08-21	7034363	baidu-房多多-上海8131931	16792146	昆明-东盟森林-通用	536090600	城市通用词	8767674524	15381397	昆明房价	55	4	3.17	0.79
2014-08-21	7034363	baidu-房多多-上海8131931	16792146	昆明-东盟森林-通用	536090600	城市通用词	8767674434	63469417	昆明新楼盘	2	0	0.00	0.00
2014-08-21	7034363	baidu-房多多-上海8131931	16792146	昆明-东盟森林-通用	536090600	城市通用词	8767674398	67618245	昆明购房	1	0	0.00	0.00
2014-08-21	7034363	baidu-房多多-上海8131931	16792146	昆明-东盟森林-通用	536090600	城市通用词	8767674275	73467610	昆明的房价	6	0	0.00	0.00
2014-08-21	7034363	baidu-房多多-上海8131931	16792146	昆明-东盟森林-通用	536090600	城市通用词	8767674386	78463154	昆明房源	1	0	0.00	0.00
2014-08-21	7034363	baidu-房多多-上海8131931	16792146	昆明-东盟森林-通用	536090600	城市通用词	8767674425	90291990	昆明市房价	3	0	0.00	0.00
2014-08-21	7034363	baidu-房多多-上海8131931	16792146	昆明-东盟森林-通用	536090600	城市通用词	8767674260	90732749	昆明最新楼盘	10	1	0.55	0.55
2014-08-21	7034363	baidu-房多多-上海8131931	16792146	昆明-东盟森林-通用	536090600	城市通用词	8767674362	95904339	昆明房价网	2	0	0.00	0.00
2014-08-21	7034363	baidu-房多多-上海8131931	16792146	昆明-东盟森林-通用	536090600	城市通用词	9124437347	103010388	昆明房产小户型	7	1	0.44	0.44
2014-08-21	7034363	baidu-房多多-上海8131931	16792146	昆明-东盟森林-通用	536090600	城市通用词	8767674584	103010389	昆明房产网站	1	0	0.00	0.00
2014-08-21	7034363	baidu-房多多-上海8131931	16792146	昆明-东盟森林-通用	536090600	城市通用词	9124437356	122802874	云南昆明房产网	3	1	0.30	0.30
2014-08-21	7034363	baidu-房多多-上海8131931	16792146	昆明-东盟森林-通用	536090600	城市通用词	8767674356	128485982	昆明在售楼盘	2	1	2.26	2.26
2014-08-21	7034363	baidu-房多多-上海8131931	16792146	昆明-东盟森林-通用	536090600	城市通用词	9124437329	128917896	昆明 房产	21	0	0.00	0.00
2014-08-21	7034363	baidu-房多多-上海8131931	16792146	昆明-东盟森林-通用	536090600	城市通用词	8767674467	136272091	昆明楼盘价格	1	0	0.00	0.00
2014-08-21	7034363	baidu-房多多-上海8131931	16792146	昆明-东盟森林-通用	536090600	城市通用词	8767674365	136273187	昆明最新房价	22	4	4.12	1.03
2014-08-21	7034363	baidu-房多多-上海8131931	16792146	昆明-东盟森林-通用	536090600	城市通用词	8767674596	136273191	昆明平均房价	1	0	0.00	0.00
2014-08-21	7034363	baidu-房多多-上海8131931	16792146	昆明-东盟森林-通用	536090600	城市通用词	8767674389	136273205	昆明房价多少	7	2	1.61	0.80
2014-08-21	7034363	baidu-房多多-上海8131931	16792146	昆明-东盟森林-通用	536090600	城市通用词	8767674449	146300057	昆明楼盘网	1	1	0.28	0.28
2014-08-21	7034363	baidu-房多多-上海8131931	16792146	昆明-东盟森林-通用	536090600	城市通用词	8767674176	182482245	昆明 买房	1	0	0.00	0.00
2014-08-21	7034363	baidu-房多多-上海8131931	16792146	昆明-东盟森林-通用	536090600	城市通用词	8767674227	219370064	昆明市楼盘	3	0	0.00	0.00
2014-08-21	7034363	baidu-房多多-上海8131931	16792146	昆明-东盟森林-通用	536090600	城市通用词	8767674482	225145633	昆明买房子	3	0	0.00	0.00
2014-08-21	7034363	baidu-房多多-上海8131931	16792146	昆明-东盟森林-通用	536090600	城市通用词	8767674332	254485548	昆明最新楼盘信息	2	0	0.00	0.00
2014-08-21	7034363	baidu-房多多-上海8131931	16792146	昆明-东盟森林-通用	536090600	城市通用词	8767674245	264369067	昆明现房	1	0	0.00	0.00
2014-08-21	7034363	baidu-房多多-上海8131931	16792146	昆明-东盟森林-通用	536090600	城市通用词	8767674152	294202823	昆明房屋价格	1	0	0.00	0.00
2014-08-21	7034363	baidu-房多多-上海8131931	16792146	昆明-东盟森林-通用	536090600	城市通用词	8767674422	295615596	昆明市的房价	4	0	0.00	0.00
2014-08-21	7034363	baidu-房多多-上海8131931	16792146	昆明-东盟森林-通用	536090600	城市通用词	8767674419	295965967	昆明一手房	1	0	0.00	0.00
2014-08-21	7034363	baidu-房多多-上海8131931	16792146	昆明-东盟森林-通用	536090600	城市通用词	8767674548	297077090	昆明的新楼盘	1	0	0.00	0.00
2014-08-21	7034363	baidu-房多多-上海8131931	16792146	昆明-东盟森林-通用	536090600	城市通用词	8767674329	303209122	昆明 房产信息	3	0	0.00	0.00
2014-08-21	7034363	baidu-房多多-上海8131931	16792146	昆明-东盟森林-通用	536090600	城市通用词	8767674515	632257442	昆明好的楼盘	2	1	0.63	0.63
2014-08-21	7034363	baidu-房多多-上海8131931	16792146	昆明-东盟森林-通用	536090600	城市通用词	8767674263	632739396	昆明新房价格	1	0	0.00	0.00
2014-08-21	7034363	baidu-房多多-上海8131931	16792146	昆明-东盟森林-通用	536090600	城市通用词	8767674347	632739398	昆明最新楼盘价格	1	0	0.00	0.00
2014-08-21	7034363	baidu-房多多-上海8131931	16792146	昆明-东盟森林-通用	536090600	城市通用词	8767674167	632739400	昆明新房均价	1	1	0.90	0.90
2014-08-21	7034363	baidu-房多多-上海8131931	16792146	昆明-东盟森林-通用	536090600	城市通用词	9124437326	1067710599	云南省昆明市房产	1	0	0.00	0.00
2014-08-21	7034363	baidu-房多多-上海8131931	16792146	昆明-东盟森林-通用	536090600	城市通用词	9124437359	1067710601	云南昆明房产价格	1	0	0.00	0.00
2014-08-21	7034363	baidu-房多多-上海8131931	16792146	昆明-东盟森林-通用	536090600	城市通用词	8767674587	1219315209	昆明别墅新盘	1	0	0.00	0.00
2014-08-21	7034363	baidu-房多多-上海8131931	16792146	昆明-东盟森林-通用	536090600	城市通用词	8767674215	1219315289	2014昆明房价	29	6	6.96	1.16
2014-08-21	7034363	baidu-房多多-上海8131931	16792146	昆明-东盟森林-通用	536090600	城市通用词	8767674212	1379469265	昆明万科新盘	1	0	0.00	0.00
2014-08-21	7034363	baidu-房多多-上海8131931	16792146	昆明-东盟森林-通用	536090600	城市通用词	8767674293	1379469279	昆明市新房房价	1	0	0.00	0.00
2014-08-21	7034363	baidu-房多多-上海8131931	16792146	昆明-东盟森林-通用	536090600	城市通用词	8767674575	1379469283	昆明房价 走势	2	1	0.41	0.41
2014-08-21	7034363	baidu-房多多-上海8131931	16792146	昆明-东盟森林-通用	536090600	城市通用词	8767674539	1379469292	昆明好房子	3	1	0.58	0.58
2014-08-21	7034363	baidu-房多多-上海8131931	16792146	昆明-东盟森林-通用	536090600	城市通用词	8767674230	1475595193	昆明的别墅房	1	0	0.00	0.00
2014-08-21	7034363	baidu-房多多-上海8131931	16792146	昆明-东盟森林-通用	536090600	城市通用词	8767674395	1475595194	昆明 别墅新房	1	0	0.00	0.00
2014-08-21	7034363	baidu-房多多-上海8131931	16792146	昆明-东盟森林-通用	536090600	城市通用词	8767674209	1475595196	昆明 别墅房	1	0	0.00	0.00
2014-08-21	7034363	baidu-房多多-上海8131931	18543180	北京-一渡新新小镇-通用	632240106	通用词-精确	10736909267	34637	北京房产信息	6	0	0.00	0.00
2014-08-21	7034363	baidu-房多多-上海8131931	18543180	北京-一渡新新小镇-通用	632240106	通用词-精确	10736910218	34648	北京房源	1	0	0.00	0.00
2014-08-21	7034363	baidu-房多多-上海8131931	18543180	北京-一渡新新小镇-通用	632240106	通用词-精确	10721930341	230430	北京别墅	24	2	5.16	2.58
2014-08-21	7034363	baidu-房多多-上海8131931	18543180	北京-一渡新新小镇-通用	632240106	通用词-精确	10721930290	251554	北京楼盘	6	0	0.00	0.00
2014-08-21	7034363	baidu-房多多-上海8131931	18543180	北京-一渡新新小镇-通用	632240106	通用词-精确	10721929279	251608	北京买房	1	0	0.00	0.00
2014-08-21	7034363	baidu-房多多-上海8131931	18543180	北京-一渡新新小镇-通用	632240106	通用词-精确	10721929336	289650	北京酒店式公寓	24	0	0.00	0.00
2014-08-21	7034363	baidu-房多多-上海8131931	18543180	北京-一渡新新小镇-通用	632240106	通用词-精确	10721929261	441834	北京新楼盘	10	0	0.00	0.00
2014-08-21	7034363	baidu-房多多-上海8131931	18543180	北京-一渡新新小镇-通用	632240106	通用词-精确	10721929237	441839	北京新房	10	0	0.00	0.00
2014-08-21	7034363	baidu-房多多-上海8131931	18543180	北京-一渡新新小镇-通用	632240106	通用词-精确	10721929264	602475	北京新盘	4	0	0.00	0.00
2014-08-21	7034363	baidu-房多多-上海8131931	18543180	北京-一渡新新小镇-通用	632240106	通用词-精确	10736909270	721404	北京房产网	8	0	0.00	0.00
2014-08-21	7034363	baidu-房多多-上海8131931	18543180	北京-一渡新新小镇-通用	632240106	通用词-精确	10721930242	721888	北京新房网	1	0	0.00	0.00
2014-08-21	7034363	baidu-房多多-上海8131931	18543180	北京-一渡新新小镇-通用	632240106	通用词-精确	10736910209	925474	北京房地产信息	2	0	0.00	0.00
2014-08-21	7034363	baidu-房多多-上海8131931	18543180	北京-一渡新新小镇-通用	632240106	通用词-精确	10721930308	947734	北京现房	2	0	0.00	0.00
2014-08-21	7034363	baidu-房多多-上海8131931	18543180	北京-一渡新新小镇-通用	632240106	通用词-精确	10721929420	957006	北京最新楼盘	2	0	0.00	0.00
2014-08-21	7034363	baidu-房多多-上海8131931	18543180	北京-一渡新新小镇-通用	632240106	通用词-精确	10721930260	957035	北京新开楼盘	4	1	2.84	2.84
2014-08-21	7034363	baidu-房多多-上海8131931	18543180	北京-一渡新新小镇-通用	632240106	通用词-精确	10721929453	1061850	北京新房出售	2	0	0.00	0.00
2014-08-21	7034363	baidu-房多多-上海8131931	18543180	北京-一渡新新小镇-通用	632240106	通用词-精确	10736909276	1127896	北京 新房	1	0	0.00	0.00
2014-08-21	7034363	baidu-房多多-上海8131931	18543180	北京-一渡新新小镇-通用	632240106	通用词-精确	10736910491	1128000	北京 新盘	1	0	0.00	0.00
2014-08-21	7034363	baidu-房多多-上海8131931	18543180	北京-一渡新新小镇-通用	632240106	通用词-精确	10721929315	1191332	北京购房	9	0	0.00	0.00
2014-08-21	7034363	baidu-房多多-上海8131931	18543180	北京-一渡新新小镇-通用	632240106	通用词-精确	10736909294	2495220	北京独栋别墅	1	0	0.00	0.00
2014-08-21	7034363	baidu-房多多-上海8131931	18543180	北京-一渡新新小镇-通用	632240106	通用词-精确	10736910248	2513950	北京 买房	4	0	0.00	0.00
2014-08-21	7034363	baidu-房多多-上海8131931	18543180	北京-一渡新新小镇-通用	632240106	通用词-精确	10736910245	3363069	北京花园洋房	4	0	0.00	0.00
2014-08-21	7034363	baidu-房多多-上海8131931	18543180	北京-一渡新新小镇-通用	632240106	通用词-精确	10721930362	3701509	北京新楼盘信息	1	0	0.00	0.00
2014-08-21	7034363	baidu-房多多-上海8131931	18543180	北京-一渡新新小镇-通用	632240106	通用词-精确	10721929249	3701510	北京新开盘楼盘	6	0	0.00	0.00
2014-08-21	7034363	baidu-房多多-上海8131931	18543180	北京-一渡新新小镇-通用	632240106	通用词-精确	10736910467	4567619	北京高档别墅	2	0	0.00	0.00
2014-08-21	7034363	baidu-房多多-上海8131931	18543180	北京-一渡新新小镇-通用	632240106	通用词-精确	10736909273	4602747	北京的别墅	6	0	0.00	0.00
2014-08-21	7034363	baidu-房多多-上海8131931	18543180	北京-一渡新新小镇-通用	632240106	通用词-精确	10721929222	5201169	北京楼盘网	3	0	0.00	0.00
2014-08-21	7034363	baidu-房多多-上海8131931	18543180	北京-一渡新新小镇-通用	632240106	通用词-精确	10721929276	5241709	北京买房网站	1	0	0.00	0.00
2014-08-21	7034363	baidu-房多多-上海8131931	18543180	北京-一渡新新小镇-通用	632240106	通用词-精确	10721930284	5395337	北京购房网	5	0	0.00	0.00
2014-08-21	7034363	baidu-房多多-上海8131931	18543180	北京-一渡新新小镇-通用	632240106	通用词-精确	10736910509	5458807	北京 房产信息	2	0	0.00	0.00
2014-08-21	7034363	baidu-房多多-上海8131931	18543180	北京-一渡新新小镇-通用	632240106	通用词-精确	10721929318	5459114	北京好房子	6	1	1.42	1.42
2014-08-21	7034363	baidu-房多多-上海8131931	18543180	北京-一渡新新小镇-通用	632240106	通用词-精确	10721930353	5910824	北京买房网	18	0	0.00	0.00
2014-08-21	7034363	baidu-房多多-上海8131931	18543180	北京-一渡新新小镇-通用	632240106	通用词-精确	10721930320	6326291	北京新房开盘	2	0	0.00	0.00
2014-08-21	7034363	baidu-房多多-上海8131931	18543180	北京-一渡新新小镇-通用	632240106	通用词-精确	10721929411	6326293	北京一手楼盘	1	0	0.00	0.00
2014-08-21	7034363	baidu-房多多-上海8131931	18543180	北京-一渡新新小镇-通用	632240106	通用词-精确	10721929414	7172828	北京别墅楼盘	1	0	0.00	0.00
2014-08-21	7034363	baidu-房多多-上海8131931	18543180	北京-一渡新新小镇-通用	632240106	通用词-精确	10721929342	7199602	北京看房团	5	2	1.75	0.88
2014-08-21	7034363	baidu-房多多-上海8131931	18543180	北京-一渡新新小镇-通用	632240106	通用词-精确	10736910473	7413100	北京房价	808	2	3.81	1.90
2014-08-21	7034363	baidu-房多多-上海8131931	18543180	北京-一渡新新小镇-通用	632240106	通用词-精确	10736910254	8432310	北京 楼盘	13	0	0.00	0.00
2014-08-21	7034363	baidu-房多多-上海8131931	18543180	北京-一渡新新小镇-通用	632240106	通用词-精确	10736910500	8432477	北京 新楼盘	2	0	0.00	0.00
2014-08-21	7034363	baidu-房多多-上海8131931	18543180	北京-一渡新新小镇-通用	632240106	通用词-精确	10736910236	8432741	北京房产网站	1	0	0.00	0.00
2014-08-21	7034363	baidu-房多多-上海8131931	18543180	北京-一渡新新小镇-通用	632240106	通用词-精确	10721929282	11092392	北京楼盘价格	4	0	0.00	0.00
2014-08-21	7034363	baidu-房多多-上海8131931	18543180	北京-一渡新新小镇-通用	632240106	通用词-精确	10721929270	12999798	北京别墅价格	33	5	10.77	2.15
2014-08-21	7034363	baidu-房多多-上海8131931	18543180	北京-一渡新新小镇-通用	632240106	通用词-精确	10736910230	15381451	北京的房价	56	0	0.00	0.00
2014-08-21	7034363	baidu-房多多-上海8131931	18543180	北京-一渡新新小镇-通用	632240106	通用词-精确	10721930380	15381532	北京最新房价	4	0	0.00	0.00
2014-08-21	7034363	baidu-房多多-上海8131931	18543180	北京-一渡新新小镇-通用	632240106	通用词-精确	10721930305	15381534	北京平均房价	9	0	0.00	0.00
2014-08-21	7034363	baidu-房多多-上海8131931	18543180	北京-一渡新新小镇-通用	632240106	通用词-精确	10721929300	18930315	北京新开盘	1	0	0.00	0.00
2014-08-21	7034363	baidu-房多多-上海8131931	18543180	北京-一渡新新小镇-通用	632240106	通用词-精确	10721929225	31229280	北京买房子	3	1	1.64	1.64
2014-08-21	7034363	baidu-房多多-上海8131931	18543180	北京-一渡新新小镇-通用	632240106	通用词-精确	10736909258	31229300	北京房价网	4	0	0.00	0.00
2014-08-21	7034363	baidu-房多多-上海8131931	18543180	北京-一渡新新小镇-通用	632240106	通用词-精确	10736909285	31841240	北京高尔夫别墅	1	1	1.40	1.40
2014-08-21	7034363	baidu-房多多-上海8131931	18543180	北京-一渡新新小镇-通用	632240106	通用词-精确	10721929291	31987032	北京新房源	1	0	0.00	0.00
2014-08-21	7034363	baidu-房多多-上海8131931	18543180	北京-一渡新新小镇-通用	632240106	通用词-精确	10736910470	34984880	北京高端楼盘	3	0	0.00	0.00
2014-08-21	7034363	baidu-房多多-上海8131931	18543180	北京-一渡新新小镇-通用	632240106	通用词-精确	10721930350	39252752	北京新楼	1	0	0.00	0.00
2014-08-21	7034363	baidu-房多多-上海8131931	18543180	北京-一渡新新小镇-通用	632240106	通用词-精确	10721929435	39252754	北京一手房	9	0	0.00	0.00
2014-08-21	7034363	baidu-房多多-上海8131931	18543180	北京-一渡新新小镇-通用	632240106	通用词-精确	10736910242	45465382	北京度假村别墅	2	2	4.44	2.22
2014-08-21	7034363	baidu-房多多-上海8131931	18543180	北京-一渡新新小镇-通用	632240106	通用词-精确	10736910482	59984577	北京房产价格	2	0	0.00	0.00
2014-08-21	7034363	baidu-房多多-上海8131931	18543180	北京-一渡新新小镇-通用	632240106	通用词-精确	10721929252	61506773	北京新楼盘价格	1	0	0.00	0.00
2014-08-21	7034363	baidu-房多多-上海8131931	18543180	北京-一渡新新小镇-通用	632240106	通用词-精确	10721929243	72224950	北京新房价格	1	0	0.00	0.00
2014-08-21	7034363	baidu-房多多-上海8131931	18543180	北京-一渡新新小镇-通用	632240106	通用词-精确	10721930332	78392701	北京团购房	2	1	0.73	0.73
2014-08-21	7034363	baidu-房多多-上海8131931	18543180	北京-一渡新新小镇-通用	632240106	通用词-精确	10736909252	89252943	北京房屋价格	2	0	0.00	0.00
2014-08-21	7034363	baidu-房多多-上海8131931	18543180	北京-一渡新新小镇-通用	632240106	通用词-精确	10736910233	90731041	北京的新楼盘	1	0	0.00	0.00
2014-08-21	7034363	baidu-房多多-上海8131931	18543180	北京-一渡新新小镇-通用	632240106	通用词-精确	10721930365	92444356	北京新盘房价	1	0	0.00	0.00
2014-08-21	7034363	baidu-房多多-上海8131931	18543180	北京-一渡新新小镇-通用	632240106	通用词-精确	10721929258	102931060	北京别墅房价	4	0	0.00	0.00
2014-08-21	7034363	baidu-房多多-上海8131931	18543180	北京-一渡新新小镇-通用	632240106	通用词-精确	10721930257	105364196	北京新楼盘房价	2	0	0.00	0.00
2014-08-21	7034363	baidu-房多多-上海8131931	18543180	北京-一渡新新小镇-通用	632240106	通用词-精确	10721929255	105364205	北京新楼盘开盘信息	8	0	0.00	0.00
2014-08-21	7034363	baidu-房多多-上海8131931	18543180	北京-一渡新新小镇-通用	632240106	通用词-精确	10736910212	106692539	北京房价多少	2	0	0.00	0.00
2014-08-21	7034363	baidu-房多多-上海8131931	18543180	北京-一渡新新小镇-通用	632240106	通用词-精确	10736910479	106692544	北京房价信息	1	0	0.00	0.00
2014-08-21	7034363	baidu-房多多-上海8131931	18543180	北京-一渡新新小镇-通用	632240106	通用词-精确	10721929321	297747996	北京好的楼盘	1	0	0.00	0.00
2014-08-21	7034363	baidu-房多多-上海8131931	18543180	北京-一渡新新小镇-通用	632240109	物业词-精确	10736909144	230430	北京别墅	50	1	1.69	1.69
2014-08-21	7034363	baidu-房多多-上海8131931	18543180	北京-一渡新新小镇-通用	632240109	物业词-精确	10736909150	1544491223	北京市小高层	1	0	0.00	0.00
2014-08-21	7034363	baidu-房多多-上海8131931	18543180	北京-一渡新新小镇-通用	632240109	物业词-精确	10736910368	1727735446	北京市度假地产	1	0	0.00	0.00
2014-08-21	7034363	baidu-房多多-上海8131931	18543180	北京-一渡新新小镇-通用	632240112	通用词-短语	10736909987	34637	北京房产信息	18	0	0.00	0.00
2014-08-21	7034363	baidu-房多多-上海8131931	18543180	北京-一渡新新小镇-通用	632240112	通用词-短语	10736910206	34644	北京房屋信息	5	0	0.00	0.00
2014-08-21	7034363	baidu-房多多-上海8131931	18543180	北京-一渡新新小镇-通用	632240112	通用词-短语	10736910740	34648	北京房源	21	0	0.00	0.00
2014-08-21	7034363	baidu-房多多-上海8131931	18543180	北京-一渡新新小镇-通用	632240112	通用词-短语	10736910143	230430	北京别墅	434	24	32.36	1.35
2014-08-21	7034363	baidu-房多多-上海8131931	18543180	北京-一渡新新小镇-通用	632240112	通用词-短语	10736910197	251554	北京楼盘	31	1	1.20	1.20
2014-08-21	7034363	baidu-房多多-上海8131931	18543180	北京-一渡新新小镇-通用	632240112	通用词-短语	10736909072	251608	北京买房	97	1	1.10	1.10
2014-08-21	7034363	baidu-房多多-上海8131931	18543180	北京-一渡新新小镇-通用	632240112	通用词-短语	10736909117	289650	北京酒店式公寓	18	0	0.00	0.00
2014-08-21	7034363	baidu-房多多-上海8131931	18543180	北京-一渡新新小镇-通用	632240112	通用词-短语	10736909966	346315	北京房产信息网	6	0	0.00	0.00
2014-08-21	7034363	baidu-房多多-上海8131931	18543180	北京-一渡新新小镇-通用	632240112	通用词-短语	10736909060	441834	北京新楼盘	13	0	0.00	0.00
2014-08-21	7034363	baidu-房多多-上海8131931	18543180	北京-一渡新新小镇-通用	632240112	通用词-短语	10736909087	441839	北京新房	64	0	0.00	0.00
2014-08-21	7034363	baidu-房多多-上海8131931	18543180	北京-一渡新新小镇-通用	632240112	通用词-短语	10736909177	602475	北京新盘	1	0	0.00	0.00
2014-08-21	7034363	baidu-房多多-上海8131931	18543180	北京-一渡新新小镇-通用	632240112	通用词-短语	10736909984	721404	北京房产网	53	0	0.00	0.00
2014-08-21	7034363	baidu-房多多-上海8131931	18543180	北京-一渡新新小镇-通用	632240112	通用词-短语	10736910179	721882	北京买新房	46	1	1.65	1.65
2014-08-21	7034363	baidu-房多多-上海8131931	18543180	北京-一渡新新小镇-通用	632240112	通用词-短语	10736910416	721888	北京新房网	3	0	0.00	0.00
2014-08-21	7034363	baidu-房多多-上海8131931	18543180	北京-一渡新新小镇-通用	632240112	通用词-短语	10736909078	721890	北京新房销售	1	0	0.00	0.00
2014-08-21	7034363	baidu-房多多-上海8131931	18543180	北京-一渡新新小镇-通用	632240112	通用词-短语	10736909963	925474	北京房地产信息	7	0	0.00	0.00
2014-08-21	7034363	baidu-房多多-上海8131931	18543180	北京-一渡新新小镇-通用	632240112	通用词-短语	10736910425	947734	北京现房	8	0	0.00	0.00
2014-08-21	7034363	baidu-房多多-上海8131931	18543180	北京-一渡新新小镇-通用	632240112	通用词-短语	10736910380	957006	北京最新楼盘	38	2	2.48	1.24
2014-08-21	7034363	baidu-房多多-上海8131931	18543180	北京-一渡新新小镇-通用	632240112	通用词-短语	10736909069	957035	北京新开楼盘	28	1	1.07	1.07
2014-08-21	7034363	baidu-房多多-上海8131931	18543180	北京-一渡新新小镇-通用	632240112	通用词-短语	10736909954	957171	北京别墅出售	7	0	0.00	0.00
2014-08-21	7034363	baidu-房多多-上海8131931	18543180	北京-一渡新新小镇-通用	632240112	通用词-短语	10736910164	1061850	北京新房出售	8	0	0.00	0.00
2014-08-21	7034363	baidu-房多多-上海8131931	18543180	北京-一渡新新小镇-通用	632240112	通用词-短语	10736910002	1127896	北京 新房	17	0	0.00	0.00
2014-08-21	7034363	baidu-房多多-上海8131931	18543180	北京-一渡新新小镇-通用	632240112	通用词-短语	10736910032	1128000	北京 新盘	18	0	0.00	0.00
2014-08-21	7034363	baidu-房多多-上海8131931	18543180	北京-一渡新新小镇-通用	632240112	通用词-短语	10736910005	1191332	北京购房	92	0	0.00	0.00
2014-08-21	7034363	baidu-房多多-上海8131931	18543180	北京-一渡新新小镇-通用	632240112	通用词-短语	10736909993	2495220	北京独栋别墅	15	0	0.00	0.00
2014-08-21	7034363	baidu-房多多-上海8131931	18543180	北京-一渡新新小镇-通用	632240112	通用词-短语	10736909999	2513948	北京 购房	36	1	1.68	1.68
2014-08-21	7034363	baidu-房多多-上海8131931	18543180	北京-一渡新新小镇-通用	632240112	通用词-短语	10736910776	2513950	北京 买房	87	0	0.00	0.00
2014-08-21	7034363	baidu-房多多-上海8131931	18543180	北京-一渡新新小镇-通用	632240112	通用词-短语	10736909111	2640736	北京楼盘信息	23	0	0.00	0.00
2014-08-21	7034363	baidu-房多多-上海8131931	18543180	北京-一渡新新小镇-通用	632240112	通用词-短语	10736910752	3363069	北京花园洋房	6	3	4.07	1.36
2014-08-21	7034363	baidu-房多多-上海8131931	18543180	北京-一渡新新小镇-通用	632240112	通用词-短语	10736910392	3701509	北京新楼盘信息	7	0	0.00	0.00
2014-08-21	7034363	baidu-房多多-上海8131931	18543180	北京-一渡新新小镇-通用	632240112	通用词-短语	10736909093	3701511	北京市新楼盘	7	0	0.00	0.00
2014-08-21	7034363	baidu-房多多-上海8131931	18543180	北京-一渡新新小镇-通用	632240112	通用词-短语	10736910119	3701515	北京最新楼盘信息	22	0	0.00	0.00
2014-08-21	7034363	baidu-房多多-上海8131931	18543180	北京-一渡新新小镇-通用	632240112	通用词-短语	10736910431	4001717	北京新房房源	2	0	0.00	0.00
2014-08-21	7034363	baidu-房多多-上海8131931	18543180	北京-一渡新新小镇-通用	632240112	通用词-短语	10736910410	4001718	北京新房信息	10	0	0.00	0.00
2014-08-21	7034363	baidu-房多多-上海8131931	18543180	北京-一渡新新小镇-通用	632240112	通用词-短语	10736909030	4567617	北京温泉别墅	1	0	0.00	0.00
2014-08-21	7034363	baidu-房多多-上海8131931	18543180	北京-一渡新新小镇-通用	632240112	通用词-短语	10736909981	4567619	北京高档别墅	2	0	0.00	0.00
2014-08-21	7034363	baidu-房多多-上海8131931	18543180	北京-一渡新新小镇-通用	632240112	通用词-短语	10736910803	4602747	北京的别墅	61	1	1.99	1.99
2014-08-21	7034363	baidu-房多多-上海8131931	18543180	北京-一渡新新小镇-通用	632240112	通用词-短语	10736910185	5039260	北京市新开楼盘	5	0	0.00	0.00
2014-08-21	7034363	baidu-房多多-上海8131931	18543180	北京-一渡新新小镇-通用	632240112	通用词-短语	10736910443	5141590	北京买别墅	1	0	0.00	0.00
2014-08-21	7034363	baidu-房多多-上海8131931	18543180	北京-一渡新新小镇-通用	632240112	通用词-短语	10736910383	5201040	北京在售楼盘	25	2	3.41	1.70
2014-08-21	7034363	baidu-房多多-上海8131931	18543180	北京-一渡新新小镇-通用	632240112	通用词-短语	10736910455	5201143	北京楼盘信息网	1	0	0.00	0.00
2014-08-21	7034363	baidu-房多多-上海8131931	18543180	北京-一渡新新小镇-通用	632240112	通用词-短语	10736910452	5201169	北京楼盘网	9	0	0.00	0.00
2014-08-21	7034363	baidu-房多多-上海8131931	18543180	北京-一渡新新小镇-通用	632240112	通用词-短语	10736910440	5241709	北京买房网站	8	0	0.00	0.00
2014-08-21	7034363	baidu-房多多-上海8131931	18543180	北京-一渡新新小镇-通用	632240112	通用词-短语	10736910011	5395337	北京购房网	7	0	0.00	0.00
2014-08-21	7034363	baidu-房多多-上海8131931	18543180	北京-一渡新新小镇-通用	632240112	通用词-短语	10736910758	5458807	北京 房产信息	10	0	0.00	0.00
2014-08-21	7034363	baidu-房多多-上海8131931	18543180	北京-一渡新新小镇-通用	632240112	通用词-短语	10736910014	5459114	北京好房子	37	1	0.90	0.90
2014-08-21	7034363	baidu-房多多-上海8131931	18543180	北京-一渡新新小镇-通用	632240112	通用词-短语	10736910722	5459240	北京房地产网站	10	0	0.00	0.00
2014-08-21	7034363	baidu-房多多-上海8131931	18543180	北京-一渡新新小镇-通用	632240112	通用词-短语	10736910173	5910824	北京买房网	13	0	0.00	0.00
2014-08-21	7034363	baidu-房多多-上海8131931	18543180	北京-一渡新新小镇-通用	632240112	通用词-短语	10736910743	6326290	北京高档楼盘	7	0	0.00	0.00
2014-08-21	7034363	baidu-房多多-上海8131931	18543180	北京-一渡新新小镇-通用	632240112	通用词-短语	10736910419	6326291	北京新房开盘	2	0	0.00	0.00
2014-08-21	7034363	baidu-房多多-上海8131931	18543180	北京-一渡新新小镇-通用	632240112	通用词-短语	10736910389	6326293	北京一手楼盘	17	0	0.00	0.00
2014-08-21	7034363	baidu-房多多-上海8131931	18543180	北京-一渡新新小镇-通用	632240112	通用词-短语	10736909171	7172828	北京别墅楼盘	1	0	0.00	0.00
2014-08-21	7034363	baidu-房多多-上海8131931	18543180	北京-一渡新新小镇-通用	632240112	通用词-短语	10736909114	7199602	北京看房团	13	0	0.00	0.00
2014-08-21	7034363	baidu-房多多-上海8131931	18543180	北京-一渡新新小镇-通用	632240112	通用词-短语	10736909975	7413100	北京房价	469	2	2.30	1.15
2014-08-21	7034363	baidu-房多多-上海8131931	18543180	北京-一渡新新小镇-通用	632240112	通用词-短语	10736909054	8432310	北京 楼盘	106	1	0.21	0.21
2014-08-21	7034363	baidu-房多多-上海8131931	18543180	北京-一渡新新小镇-通用	632240112	通用词-短语	10736910779	8432323	北京 买新房	9	0	0.00	0.00
2014-08-21	7034363	baidu-房多多-上海8131931	18543180	北京-一渡新新小镇-通用	632240112	通用词-短语	10736910035	8432477	北京 新楼盘	8	1	1.48	1.48
2014-08-21	7034363	baidu-房多多-上海8131931	18543180	北京-一渡新新小镇-通用	632240112	通用词-短语	10736910761	8432741	北京房产网站	7	0	0.00	0.00
2014-08-21	7034363	baidu-房多多-上海8131931	18543180	北京-一渡新新小镇-通用	632240112	通用词-短语	10736909957	8560896	北京别墅买卖	2	0	0.00	0.00
2014-08-21	7034363	baidu-房多多-上海8131931	18543180	北京-一渡新新小镇-通用	632240112	通用词-短语	10736910725	10909056	北京房价格	33	1	1.09	1.09
2014-08-21	7034363	baidu-房多多-上海8131931	18543180	北京-一渡新新小镇-通用	632240112	通用词-短语	10736910200	11092392	北京楼盘价格	5	0	0.00	0.00
2014-08-21	7034363	baidu-房多多-上海8131931	18543180	北京-一渡新新小镇-通用	632240112	通用词-短语	10736910137	12999798	北京别墅价格	112	21	30.95	1.47
2014-08-21	7034363	baidu-房多多-上海8131931	18543180	北京-一渡新新小镇-通用	632240112	通用词-短语	10736910044	15381451	北京的房价	191	3	4.42	1.47
2014-08-21	7034363	baidu-房多多-上海8131931	18543180	北京-一渡新新小镇-通用	632240112	通用词-短语	10736910113	15381532	北京最新房价	842	16	21.80	1.36
2014-08-21	7034363	baidu-房多多-上海8131931	18543180	北京-一渡新新小镇-通用	632240112	通用词-短语	10736909102	15381534	北京平均房价	14	0	0.00	0.00
2014-08-21	7034363	baidu-房多多-上海8131931	18543180	北京-一渡新新小镇-通用	632240112	通用词-短语	10736910152	18930315	北京新开盘	4	0	0.00	0.00
2014-08-21	7034363	baidu-房多多-上海8131931	18543180	北京-一渡新新小镇-通用	632240112	通用词-短语	10736909075	24403584	北京新房搜房网	2	0	0.00	0.00
2014-08-21	7034363	baidu-房多多-上海8131931	18543180	北京-一渡新新小镇-通用	632240112	通用词-短语	10736910176	31229280	北京买房子	57	0	0.00	0.00
2014-08-21	7034363	baidu-房多多-上海8131931	18543180	北京-一渡新新小镇-通用	632240112	通用词-短语	10736910737	31229300	北京房价网	7	0	0.00	0.00
2014-08-21	7034363	baidu-房多多-上海8131931	18543180	北京-一渡新新小镇-通用	632240112	通用词-短语	10736910728	31452580	北京别墅新盘	3	1	2.13	2.13
2014-08-21	7034363	baidu-房多多-上海8131931	18543180	北京-一渡新新小镇-通用	632240112	通用词-短语	10736909174	31987032	北京新房源	7	0	0.00	0.00
2014-08-21	7034363	baidu-房多多-上海8131931	18543180	北京-一渡新新小镇-通用	632240112	通用词-短语	10736910782	34984880	北京高端楼盘	4	0	0.00	0.00
2014-08-21	7034363	baidu-房多多-上海8131931	18543180	北京-一渡新新小镇-通用	632240112	通用词-短语	10736910131	39252754	北京一手房	6	2	3.96	1.98
2014-08-21	7034363	baidu-房多多-上海8131931	18543180	北京-一渡新新小镇-通用	632240112	通用词-短语	10736909141	42838391	北京最新开盘	8	0	0.00	0.00
2014-08-21	7034363	baidu-房多多-上海8131931	18543180	北京-一渡新新小镇-通用	632240112	通用词-短语	10736910755	45465382	北京度假村别墅	5	1	1.05	1.05
2014-08-21	7034363	baidu-房多多-上海8131931	18543180	北京-一渡新新小镇-通用	632240112	通用词-短语	10736909036	59984577	北京房产价格	14	0	0.00	0.00
2014-08-21	7034363	baidu-房多多-上海8131931	18543180	北京-一渡新新小镇-通用	632240112	通用词-短语	10736909180	61506773	北京新楼盘价格	30	1	1.27	1.27
2014-08-21	7034363	baidu-房多多-上海8131931	18543180	北京-一渡新新小镇-通用	632240112	通用词-短语	10736910458	61506778	北京开盘楼盘	5	0	0.00	0.00
2014-08-21	7034363	baidu-房多多-上海8131931	18543180	北京-一渡新新小镇-通用	632240112	通用词-短语	10736910734	62103087	北京别墅开盘	3	0	0.00	0.00
2014-08-21	7034363	baidu-房多多-上海8131931	18543180	北京-一渡新新小镇-通用	632240112	通用词-短语	10736909084	63467817	北京万科新盘	14	2	3.15	1.58
2014-08-21	7034363	baidu-房多多-上海8131931	18543180	北京-一渡新新小镇-通用	632240112	通用词-短语	10736910449	64474317	北京楼盘开盘	2	1	2.03	2.03
2014-08-21	7034363	baidu-房多多-上海8131931	18543180	北京-一渡新新小镇-通用	632240112	通用词-短语	10736910155	71204828	北京新开盘的楼盘	19	3	5.09	1.70
2014-08-21	7034363	baidu-房多多-上海8131931	18543180	北京-一渡新新小镇-通用	632240112	通用词-短语	10736910008	72224944	北京购新房	7	0	0.00	0.00
2014-08-21	7034363	baidu-房多多-上海8131931	18543180	北京-一渡新新小镇-通用	632240112	通用词-短语	10736910161	72224950	北京新房价格	17	0	0.00	0.00
2014-08-21	7034363	baidu-房多多-上海8131931	18543180	北京-一渡新新小镇-通用	632240112	通用词-短语	10736910170	72224951	北京新房均价	7	0	0.00	0.00
2014-08-21	7034363	baidu-房多多-上海8131931	18543180	北京-一渡新新小镇-通用	632240112	通用词-短语	10736910437	78392701	北京团购房	6	0	0.00	0.00
2014-08-21	7034363	baidu-房多多-上海8131931	18543180	北京-一渡新新小镇-通用	632240112	通用词-短语	10736909972	89252943	北京房屋价格	14	0	0.00	0.00
2014-08-21	7034363	baidu-房多多-上海8131931	18543180	北京-一渡新新小镇-通用	632240112	通用词-短语	10736910194	90062390	北京近期房价	4	0	0.00	0.00
2014-08-21	7034363	baidu-房多多-上海8131931	18543180	北京-一渡新新小镇-通用	632240112	通用词-短语	10736910167	90062391	北京新房房价	6	0	0.00	0.00
2014-08-21	7034363	baidu-房多多-上海8131931	18543180	北京-一渡新新小镇-通用	632240112	通用词-短语	10736909039	90632756	北京房产新房	1	0	0.00	0.00
2014-08-21	7034363	baidu-房多多-上海8131931	18543180	北京-一渡新新小镇-通用	632240112	通用词-短语	10736910041	90731041	北京的新楼盘	75	2	2.50	1.25
2014-08-21	7034363	baidu-房多多-上海8131931	18543180	北京-一渡新新小镇-通用	632240112	通用词-短语	10736910122	92444356	北京新盘房价	1	0	0.00	0.00
2014-08-21	7034363	baidu-房多多-上海8131931	18543180	北京-一渡新新小镇-通用	632240112	通用词-短语	10736910140	100190051	北京一手房源	1	0	0.00	0.00
2014-08-21	7034363	baidu-房多多-上海8131931	18543180	北京-一渡新新小镇-通用	632240112	通用词-短语	10736909168	102931060	北京别墅房价	6	1	1.81	1.81
2014-08-21	7034363	baidu-房多多-上海8131931	18543180	北京-一渡新新小镇-通用	632240112	通用词-短语	10736909096	103129096	北京求购新房	3	0	0.00	0.00
2014-08-21	7034363	baidu-房多多-上海8131931	18543180	北京-一渡新新小镇-通用	632240112	通用词-短语	10736910815	103129124	北京 新房房价	5	0	0.00	0.00
2014-08-21	7034363	baidu-房多多-上海8131931	18543180	北京-一渡新新小镇-通用	632240112	通用词-短语	10736910812	103129136	北京 新开盘	3	0	0.00	0.00
2014-08-21	7034363	baidu-房多多-上海8131931	18543180	北京-一渡新新小镇-通用	632240112	通用词-短语	10736910128	105364195	北京新楼盘开盘	5	0	0.00	0.00
2014-08-21	7034363	baidu-房多多-上海8131931	18543180	北京-一渡新新小镇-通用	632240112	通用词-短语	10736910407	105364196	北京新楼盘房价	15	1	0.90	0.90
2014-08-21	7034363	baidu-房多多-上海8131931	18543180	北京-一渡新新小镇-通用	632240112	通用词-短语	10736910395	105364205	北京新楼盘开盘信息	1	0	0.00	0.00
2014-08-21	7034363	baidu-房多多-上海8131931	18543180	北京-一渡新新小镇-通用	632240112	通用词-短语	10736910413	105364208	北京新开发楼盘	1	0	0.00	0.00
2014-08-21	7034363	baidu-房多多-上海8131931	18543180	北京-一渡新新小镇-通用	632240112	通用词-短语	10736910746	106692539	北京房价多少	780	3	3.99	1.33
2014-08-21	7034363	baidu-房多多-上海8131931	18543180	北京-一渡新新小镇-通用	632240112	通用词-短语	10736909978	106692544	北京房价信息	45	0	0.00	0.00
2014-08-21	7034363	baidu-房多多-上海8131931	18543180	北京-一渡新新小镇-通用	632240112	通用词-短语	10736910401	204400533	北京新开楼盘价格	2	1	1.14	1.14
2014-08-21	7034363	baidu-房多多-上海8131931	18543180	北京-一渡新新小镇-通用	632240112	通用词-短语	10736909066	204400536	北京新开楼盘房价	2	1	1.12	1.12
2014-08-21	7034363	baidu-房多多-上海8131931	18543180	北京-一渡新新小镇-通用	632240112	通用词-短语	10736910149	212840932	北京新开的楼盘	2	0	0.00	0.00
2014-08-21	7034363	baidu-房多多-上海8131931	18543180	北京-一渡新新小镇-通用	632240112	通用词-短语	10736910116	240285948	北京最新楼盘价格	6	0	0.00	0.00
2014-08-21	7034363	baidu-房多多-上海8131931	18543180	北京-一渡新新小镇-通用	632240112	通用词-短语	10736909045	297747996	北京好的楼盘	6	0	0.00	0.00
2014-08-21	7034363	baidu-房多多-上海8131931	18543180	北京-一渡新新小镇-通用	632240112	通用词-短语	10736909969	429509255	北京房价 走势	322	6	9.01	1.50
2014-08-21	7034363	baidu-房多多-上海8131931	18543180	北京-一渡新新小镇-通用	632240112	通用词-短语	10736909165	429509269	北京最新房价信息	1	0	0.00	0.00
2014-08-21	7034363	baidu-房多多-上海8131931	18543180	北京-一渡新新小镇-通用	632240112	通用词-短语	10736910773	510888407	北京别墅房源	1	0	0.00	0.00
2014-08-21	7034363	baidu-房多多-上海8131931	18543180	北京-一渡新新小镇-通用	632240112	通用词-短语	10736910188	631967786	北京团购新房	1	0	0.00	0.00
2014-08-21	7034363	baidu-房多多-上海8131931	18543180	北京-一渡新新小镇-通用	632240112	通用词-短语	10736909099	1067239153	北京市新房房价	6	0	0.00	0.00
2014-08-21	7034363	baidu-房多多-上海8131931	18543180	北京-一渡新新小镇-通用	632240112	通用词-短语	10736910146	1479051177	北京新房别墅	10	0	0.00	0.00
2014-08-21	7034363	baidu-房多多-上海8131931	18543180	北京-一渡新新小镇-通用	632240112	通用词-短语	10736910806	1518030332	北京城西楼盘	3	0	0.00	0.00
2014-08-21	7034363	baidu-房多多-上海8131931	18543180	北京-一渡新新小镇-通用	632240118	户型词-短语	10736909906	1351167847	北京三层别墅	1	0	0.00	0.00
2014-08-21	7034363	baidu-房多多-上海8131931	18543180	北京-一渡新新小镇-通用	632240142	房价词-精确	10736910284	9518527	北京特价房	1	0	0.00	0.00
2014-08-21	7034363	baidu-房多多-上海8131931	18543180	北京-一渡新新小镇-通用	632240142	房价词-精确	10736909234	10909053	北京房地产价格	1	0	0.00	0.00
2014-08-21	7034363	baidu-房多多-上海8131931	18543180	北京-一渡新新小镇-通用	632240142	房价词-精确	10736910590	12999798	北京别墅价格	1	0	0.00	0.00
2014-08-21	7034363	baidu-房多多-上海8131931	18543180	北京-一渡新新小镇-通用	632240142	房价词-精确	10736910560	15381531	北京房价走势	14	0	0.00	0.00
2014-08-21	7034363	baidu-房多多-上海8131931	18543180	北京-一渡新新小镇-通用	632240142	房价词-精确	10736910332	61506773	北京新楼盘价格	1	0	0.00	0.00
2014-08-21	7034363	baidu-房多多-上海8131931	18543180	北京-一渡新新小镇-通用	632240142	房价词-精确	10736910563	62458136	北京楼房价格	5	1	0.70	0.70
2014-08-21	7034363	baidu-房多多-上海8131931	18543180	北京-一渡新新小镇-通用	632240142	房价词-精确	10736910347	80630954	北京楼盘降价	2	0	0.00	0.00
2014-08-21	7034363	baidu-房多多-上海8131931	18543180	北京-一渡新新小镇-通用	632240142	房价词-精确	10736909243	89252943	北京房屋价格	1	0	0.00	0.00
2014-08-21	7034363	baidu-房多多-上海8131931	18543180	北京-一渡新新小镇-通用	632240142	房价词-精确	10736910344	90062388	北京现在房价	2	0	0.00	0.00
2014-08-21	7034363	baidu-房多多-上海8131931	18543180	北京-一渡新新小镇-通用	632240142	房价词-精确	10736910536	92443091	北京房子价格	2	0	0.00	0.00
2014-08-21	7034363	baidu-房多多-上海8131931	18543180	北京-一渡新新小镇-通用	632240142	房价词-精确	10736910341	99964367	北京买房费用	2	0	0.00	0.00
2014-08-21	7034363	baidu-房多多-上海8131931	18543180	北京-一渡新新小镇-通用	632240142	房价词-精确	10736910263	102931060	北京别墅房价	1	0	0.00	0.00
2014-08-21	7034363	baidu-房多多-上海8131931	18543180	北京-一渡新新小镇-通用	632240142	房价词-精确	10736910320	131745328	北京市房价走势	4	0	0.00	0.00
2014-08-21	7034363	baidu-房多多-上海8131931	18543180	北京-一渡新新小镇-通用	632240142	房价词-精确	10736910566	337114588	北京市楼房价格	1	0	0.00	0.00
2014-08-21	7034363	baidu-房多多-上海8131931	18543180	北京-一渡新新小镇-通用	632240142	房价词-精确	10736909309	457101100	北京市楼盘价格	1	0	0.00	0.00
2014-08-21	7034363	baidu-房多多-上海8131931	18543180	北京-一渡新新小镇-通用	632240142	房价词-精确	10736909132	673662900	北京市每日房价	1	0	0.00	0.00
2014-08-21	7034363	baidu-房多多-上海8131931	18543180	北京-一渡新新小镇-通用	632240142	房价词-精确	10736910569	1544491246	北京市买房费用	2	0	0.00	0.00
2014-08-21	7034363	baidu-房多多-上海8131931	18543180	北京-一渡新新小镇-通用	632240145	房价词-短语	10736910794	9518527	北京特价房	1	0	0.00	0.00
2014-08-21	7034363	baidu-房多多-上海8131931	18543180	北京-一渡新新小镇-通用	632240145	房价词-短语	10736910602	10909053	北京房地产价格	2	0	0.00	0.00
2014-08-21	7034363	baidu-房多多-上海8131931	18543180	北京-一渡新新小镇-通用	632240145	房价词-短语	10736910665	11092392	北京楼盘价格	1	0	0.00	0.00
2014-08-21	7034363	baidu-房多多-上海8131931	18543180	北京-一渡新新小镇-通用	632240145	房价词-短语	10736910716	12999798	北京别墅价格	4	1	1.16	1.16
2014-08-21	7034363	baidu-房多多-上海8131931	18543180	北京-一渡新新小镇-通用	632240145	房价词-短语	10736909831	15381531	北京房价走势	25	0	0.00	0.00
2014-08-21	7034363	baidu-房多多-上海8131931	18543180	北京-一渡新新小镇-通用	632240145	房价词-短语	10736910611	31229300	北京房价网	1	0	0.00	0.00
2014-08-21	7034363	baidu-房多多-上海8131931	18543180	北京-一渡新新小镇-通用	632240145	房价词-短语	10736910608	62458136	北京楼房价格	4	0	0.00	0.00
2014-08-21	7034363	baidu-房多多-上海8131931	18543180	北京-一渡新新小镇-通用	632240145	房价词-短语	10736909891	72224946	北京买房价格	4	0	0.00	0.00
2014-08-21	7034363	baidu-房多多-上海8131931	18543180	北京-一渡新新小镇-通用	632240145	房价词-短语	10736910017	72224950	北京新房价格	1	0	0.00	0.00
2014-08-21	7034363	baidu-房多多-上海8131931	18543180	北京-一渡新新小镇-通用	632240145	房价词-短语	10736910686	80630954	北京楼盘降价	10	1	1.06	1.06
2014-08-21	7034363	baidu-房多多-上海8131931	18543180	北京-一渡新新小镇-通用	632240145	房价词-短语	10736909864	90062388	北京现在房价	1	0	0.00	0.00
2014-08-21	7034363	baidu-房多多-上海8131931	18543180	北京-一渡新新小镇-通用	632240145	房价词-短语	10736910026	92443091	北京房子价格	43	0	0.00	0.00
2014-08-21	7034363	baidu-房多多-上海8131931	18543180	北京-一渡新新小镇-通用	632240145	房价词-短语	10736910674	99964367	北京买房费用	4	0	0.00	0.00
2014-08-21	7034363	baidu-房多多-上海8131931	18543180	北京-一渡新新小镇-通用	632240145	房价词-短语	10736910668	100040178	北京楼盘均价	1	0	0.00	0.00
2014-08-21	7034363	baidu-房多多-上海8131931	18543180	北京-一渡新新小镇-通用	632240145	房价词-短语	10736910818	108305411	北京楼价	58	0	0.00	0.00
2014-08-21	7034363	baidu-房多多-上海8131931	18543180	北京-一渡新新小镇-通用	632240145	房价词-短语	10736910056	111005660	北京购房费用	2	0	0.00	0.00
2014-08-21	7034363	baidu-房多多-上海8131931	18543180	北京-一渡新新小镇-通用	632240145	房价词-短语	10736909867	131745322	北京市楼价	9	0	0.00	0.00
2014-08-21	7034363	baidu-房多多-上海8131931	18543180	北京-一渡新新小镇-通用	632240145	房价词-短语	10736909918	131745324	北京市房地产价格	5	0	0.00	0.00
2014-08-21	7034363	baidu-房多多-上海8131931	18543180	北京-一渡新新小镇-通用	632240145	房价词-短语	10736910671	131745328	北京市房价走势	27	2	1.88	0.94
2014-08-21	7034363	baidu-房多多-上海8131931	18543180	北京-一渡新新小镇-通用	632240145	房价词-短语	10736910059	131745331	北京市楼盘均价	1	0	0.00	0.00
2014-08-21	7034363	baidu-房多多-上海8131931	18543180	北京-一渡新新小镇-通用	632240145	房价词-短语	10736910653	131745377	北京市房价网	4	0	0.00	0.00
2014-08-21	7034363	baidu-房多多-上海8131931	18543180	北京-一渡新新小镇-通用	632240145	房价词-短语	10736909825	134585351	北京今日房价	1	0	0.00	0.00
2014-08-21	7034363	baidu-房多多-上海8131931	18543180	北京-一渡新新小镇-通用	632240145	房价词-短语	10736910656	458177549	北京市楼盘降价	2	1	1.17	1.17
2014-08-21	7034363	baidu-房多多-上海8131931	18543180	北京-一渡新新小镇-通用	632240145	房价词-短语	10736910713	593355855	北京市新楼盘价格	1	0	0.00	0.00
2014-08-21	7034363	baidu-房多多-上海8131931	18543180	北京-一渡新新小镇-通用	632240145	房价词-短语	10736909897	619730406	北京市别墅价格	1	0	0.00	0.00
2014-08-21	7034363	baidu-房多多-上海8131931	18543180	北京-一渡新新小镇-通用	632240145	房价词-短语	10736909849	1067239153	北京市新房房价	2	0	0.00	0.00
2014-08-21	7034363	baidu-房多多-上海8131931	18543180	北京-一渡新新小镇-通用	632240145	房价词-短语	10736910638	1244381064	北京市房子价格	1	0	0.00	0.00
2014-08-21	7034363	baidu-房多多-上海8131931	18543180	北京-一渡新新小镇-通用	632240145	房价词-短语	10736910605	1544491197	北京市高性价比	1	0	0.00	0.00
2014-08-21	7034363	baidu-房多多-上海8131931	18543180	北京-一渡新新小镇-通用	632240145	房价词-短语	10736910599	1544491209	北京新区房价	3	1	0.98	0.98
2014-08-21	7034363	baidu-房多多-上海8131931	18543180	北京-一渡新新小镇-通用	632240145	房价词-短语	10736909915	1544491221	北京买房子费用	4	0	0.00	0.00
2014-08-21	7034363	baidu-房多多-上海8131931	18543180	北京-一渡新新小镇-通用	632240145	房价词-短语	10736910626	1544491228	北京市开发区房价	1	0	0.00	0.00
2014-08-21	7034363	baidu-房多多-上海8131931	18543180	北京-一渡新新小镇-通用	632240145	房价词-短语	10736910680	1544491243	北京高性价比	10	0	0.00	0.00
2014-08-21	7034363	baidu-房多多-上海8131931	18543180	北京-一渡新新小镇-通用	632240145	房价词-短语	10736909879	1544491246	北京市买房费用	1	0	0.00	0.00
2014-08-21	7034363	baidu-房多多-上海8131931	18543180	北京-一渡新新小镇-通用	632240145	房价词-短语	10736910635	1544491251	北京市特价房	2	0	0.00	0.00
2014-08-21	7034363	baidu-房多多-上海8131931	18543180	北京-一渡新新小镇-通用	632240145	房价词-短语	10736909852	1544491253	北京新房费用	8	0	0.00	0.00
2014-08-21	7034363	baidu-房多多-上海8131931	18543180	北京-一渡新新小镇-通用	632240151	配套词-短语	10736909711	619730406	北京市别墅价格	19	3	4.25	1.42
2014-08-21	7034363	baidu-房多多-上海8131931	18543180	北京-一渡新新小镇-通用	632240154	物业词-短语	10736909729	230430	北京别墅	9	1	0.93	0.93
2014-08-21	7034363	baidu-房多多-上海8131931	18543180	北京-一渡新新小镇-通用	632240154	物业词-短语	10736910689	57546879	北京市别墅楼盘	3	0	0.00	0.00
2014-08-21	7034363	baidu-房多多-上海8131931	18543180	北京-一渡新新小镇-通用	632240154	物业词-短语	10736909702	57546932	北京市高档楼盘	2	0	0.00	0.00
2014-08-21	7034363	baidu-房多多-上海8131931	18543183	北京-一渡新新小镇-全国	632240133	区域词-短语	10721930119	16217102	北京房山区房产信息	1	0	0.00	0.00
2014-08-21	7034363	baidu-房多多-上海8131931	18543183	北京-一渡新新小镇-全国	632240133	区域词-短语	10738044030	16217103	北京房山区买房	1	0	0.00	0.00
2014-08-21	7034363	baidu-房多多-上海8131931	18543183	北京-一渡新新小镇-全国	632240133	区域词-短语	10738043967	28801800	北京房山区楼盘	54	1	1.46	1.46
2014-08-21	7034363	baidu-房多多-上海8131931	18543183	北京-一渡新新小镇-全国	632240133	区域词-短语	10721929033	29548096	北京房山区 楼盘	2	0	0.00	0.00
2014-08-21	7034363	baidu-房多多-上海8131931	18543183	北京-一渡新新小镇-全国	632240133	区域词-短语	10721930137	29548097	北京房山区 买房	1	0	0.00	0.00
2014-08-21	7034363	baidu-房多多-上海8131931	18543183	北京-一渡新新小镇-全国	632240133	区域词-短语	10721929066	29548101	北京房山区房价	47	0	0.00	0.00
2014-08-21	7034363	baidu-房多多-上海8131931	18543183	北京-一渡新新小镇-全国	632240133	区域词-短语	10738043910	96318911	北京房山区楼盘信息	1	0	0.00	0.00
2014-08-21	7034363	baidu-房多多-上海8131931	18543183	北京-一渡新新小镇-全国	632240133	区域词-短语	10738043925	102845085	北京房山区新楼盘	1	0	0.00	0.00
2014-08-21	7034363	baidu-房多多-上海8131931	18543183	北京-一渡新新小镇-全国	632240133	区域词-短语	10738043988	102845173	北京房山区新房	1	0	0.00	0.00
2014-08-21	7034363	baidu-房多多-上海8131931	18543183	北京-一渡新新小镇-全国	632240133	区域词-短语	10738043907	102845521	北京房山区新开楼盘	2	1	1.90	1.90
2014-08-21	7034363	baidu-房多多-上海8131931	18543183	北京-一渡新新小镇-全国	632240133	区域词-短语	10738044012	194879622	北京房山区别墅	3	1	1.05	1.05
2014-08-21	7034363	baidu-房多多-上海8131931	18543183	北京-一渡新新小镇-全国	632240133	区域词-短语	10721929039	205008150	北京房山区 购房	1	1	1.05	1.05
2014-08-21	7034363	baidu-房多多-上海8131931	18543183	北京-一渡新新小镇-全国	632240133	区域词-短语	10721929084	376447996	北京房山区房源	1	0	0.00	0.00
2014-08-21	7034363	baidu-房多多-上海8131931	18543183	北京-一渡新新小镇-全国	632240133	区域词-短语	10721930122	493626007	北京房山区的房价	3	0	0.00	0.00
2014-08-21	7034363	baidu-房多多-上海8131931	18543183	北京-一渡新新小镇-全国	632240133	区域词-短语	10738044033	631953815	北京房山区最新楼盘	1	1	0.92	0.92
2014-08-21	7034363	baidu-房多多-上海8131931	18543183	北京-一渡新新小镇-全国	632240133	区域词-短语	10738044057	631963366	北京房山区最新房价	8	0	0.00	0.00
2014-08-21	7034363	baidu-房多多-上海8131931	18543183	北京-一渡新新小镇-全国	632240133	区域词-短语	10738043919	1279124912	北京房山区新房源	1	0	0.00	0.00
2014-08-21	7034363	baidu-房多多-上海8131931	18543183	北京-一渡新新小镇-全国	632240133	区域词-短语	10721929063	1292125347	北京房山区房价多少	4	0	0.00	0.00
2014-08-21	7034363	baidu-房多多-上海8131931	18543183	北京-一渡新新小镇-全国	632240133	区域词-短语	10721930125	1727735307	北京房山区的新楼盘	1	0	0.00	0.00
2014-08-21	7034363	baidu-房多多-上海8131931	18543183	北京-一渡新新小镇-全国	632240133	区域词-短语	10721930131	1727735334	北京房山区 新房房价	1	0	0.00	0.00
2014-08-21	7034363	baidu-房多多-上海8131931	18543183	北京-一渡新新小镇-全国	632240133	区域词-短语	10721929057	1727735421	北京房山区房价信息	1	0	0.00	0.00
2014-08-21	7034363	baidu-房多多-上海8131931	18543183	北京-一渡新新小镇-全国	632240139	区域词-精确	10738043379	29548101	北京房山区房价	4	1	1.33	1.33
2014-08-21	7034363	baidu-房多多-上海8131931	18543183	北京-一渡新新小镇-全国	632240139	区域词-精确	10738043139	493626007	北京房山区的房价	1	1	2.33	2.33
2014-08-21	7034363	baidu-房多多-上海8131931	18543183	北京-一渡新新小镇-全国	632240139	区域词-精确	10738044291	1292125347	北京房山区房价多少	1	1	1.22	1.22
2014-08-21	7034363	baidu-房多多-上海8131931	18543183	北京-一渡新新小镇-全国	632240187	品牌词-精确	10721897443	44087280	北京新新小镇	1	1	0.74	0.74
2014-08-21	7034363	baidu-房多多-上海8131931	18543183	北京-一渡新新小镇-全国	632240187	品牌词-精确	10721897008	103450319	北京一渡新新小镇	4	0	0.00	0.00
2014-08-21	7034363	baidu-房多多-上海8131931	18543183	北京-一渡新新小镇-全国	632240187	品牌词-精确	10721898082	1727733439	北京新新小镇别墅	1	0	0.00	0.00
2014-08-21	7034363	baidu-房多多-上海8131931	18543183	北京-一渡新新小镇-全国	632240187	品牌词-精确	10721897440	1727733468	北京新新小镇房价	1	1	0.99	0.99
2014-08-21	7034363	baidu-房多多-上海8131931	18543183	北京-一渡新新小镇-全国	632240190	品牌词-短语	10721897737	44087280	北京新新小镇	2	0	0.00	0.00
2014-08-21	7034363	baidu-房多多-上海8131931	18543183	北京-一渡新新小镇-全国	632240196	竞品词-短语	10721905060	68091863	北京原乡美利坚	30	4	3.99	1.00
2014-08-21	7034363	baidu-房多多-上海8131931	18543183	北京-一渡新新小镇-全国	632240196	竞品词-短语	10721904808	628807607	北京原乡美利坚别墅	2	0	0.00	0.00
2014-08-21	7034363	baidu-房多多-上海8131931	18543183	北京-一渡新新小镇-全国	632240196	竞品词-短语	10721904829	663259476	北京华银天鹅湖	1	0	0.00	0.00
2014-08-21	7034363	baidu-房多多-上海8131931	18543183	北京-一渡新新小镇-全国	632240196	竞品词-短语	10721915512	803528739	北京润西山	2	1	1.18	1.18
2014-08-21	7034363	baidu-房多多-上海8131931	18543183	北京-一渡新新小镇-全国	632240196	竞品词-短语	10721905552	859351930	北京牛驼温泉孔雀城	17	0	0.00	0.00
2014-08-21	7034363	baidu-房多多-上海8131931	18543183	北京-一渡新新小镇-全国	632240196	竞品词-短语	10721911972	1008108221	北京领秀翡翠山	5	0	0.00	0.00
2014-08-21	7034363	baidu-房多多-上海8131931	18543183	北京-一渡新新小镇-全国	632240196	竞品词-短语	10721905450	1043494969	北京君山高尔夫	2	0	0.00	0.00
2014-08-21	7034363	baidu-房多多-上海8131931	18543183	北京-一渡新新小镇-全国	632240196	竞品词-短语	10721914732	1341079094	北京琨御府	12	0	0.00	0.00
2014-08-21	7034363	baidu-房多多-上海8131931	18543183	北京-一渡新新小镇-全国	632240196	竞品词-短语	10721914534	1609025302	北京琨御府房价	2	1	1.63	1.63
2014-08-21	7034363	baidu-房多多-上海8131931	18543183	北京-一渡新新小镇-全国	632240196	竞品词-短语	10721914093	1718757794	北京碧桂园九龙湾	2	0	0.00	0.00
2014-08-21	7034363	baidu-房多多-上海8131931	18543183	北京-一渡新新小镇-全国	632240196	竞品词-短语	10721914618	1727734629	北京琨御府楼盘	1	0	0.00	0.00
2014-08-21	7034363	baidu-房多多-上海8131931	18543183	北京-一渡新新小镇-全国	632240199	竞品词-精确	10738020249	68091863	北京原乡美利坚	20	3	4.21	1.40
2014-08-21	7034363	baidu-房多多-上海8131931	18543183	北京-一渡新新小镇-全国	632240199	竞品词-精确	10738021173	663259476	北京华银天鹅湖	14	0	0.00	0.00
2014-08-21	7034363	baidu-房多多-上海8131931	18543183	北京-一渡新新小镇-全国	632240199	竞品词-精确	10721901304	705971474	北京v7西园	2	0	0.00	0.00
2014-08-21	7034363	baidu-房多多-上海8131931	18543183	北京-一渡新新小镇-全国	632240199	竞品词-精确	10721901847	803528739	北京润西山	25	4	4.83	1.21
2014-08-21	7034363	baidu-房多多-上海8131931	18543183	北京-一渡新新小镇-全国	632240199	竞品词-精确	10721900134	859351930	北京牛驼温泉孔雀城	13	3	6.78	2.26
2014-08-21	7034363	baidu-房多多-上海8131931	18543183	北京-一渡新新小镇-全国	632240199	竞品词-精确	10721899612	1008108221	北京领秀翡翠山	2	0	0.00	0.00
2014-08-21	7034363	baidu-房多多-上海8131931	18543183	北京-一渡新新小镇-全国	632240199	竞品词-精确	10721901526	1008241172	北京西山艺境	4	0	0.00	0.00
2014-08-21	7034363	baidu-房多多-上海8131931	18543183	北京-一渡新新小镇-全国	632240199	竞品词-精确	10721901994	1341079094	北京琨御府	30	1	1.01	1.01
2014-08-21	7034363	baidu-房多多-上海8131931	18543183	北京-一渡新新小镇-全国	632240199	竞品词-精确	10721900938	1609025302	北京琨御府房价	1	1	0.62	0.62
2014-08-21	7034363	baidu-房多多-上海8131931	18543183	北京-一渡新新小镇-全国	632240199	竞品词-精确	10721905672	1718757794	北京碧桂园九龙湾	2	1	3.11	3.11
2014-08-21	7034363	baidu-房多多-上海8131931	18543183	北京-一渡新新小镇-全国	632240199	竞品词-精确	10721899642	1727734477	北京西山艺境别墅价格	2	1	0.69	0.69
2014-08-21	7034363	baidu-房多多-上海8131931	18543183	北京-一渡新新小镇-全国	632240199	竞品词-精确	10721900830	1727735058	北京润西山房价	1	0	0.00	0.00
2014-08-21	7034363	baidu-房多多-上海8131931	18543186	北京-一渡新新小镇-本地	632240160	品牌词-精确	10738085721	44038609	新新小镇	4	0	0.00	0.00
2014-08-21	7034363	baidu-房多多-上海8131931	18543186	北京-一渡新新小镇-本地	632240160	品牌词-精确	10738085475	44087283	一渡新新小镇	9	1	3.09	3.09
2014-08-21	7034363	baidu-房多多-上海8131931	18543186	北京-一渡新新小镇-本地	632240163	品牌词-短语	10738086066	44038609	新新小镇	3	0	0.00	0.00
2014-08-21	7034363	baidu-房多多-上海8131931	18543186	北京-一渡新新小镇-本地	632240163	品牌词-短语	10738086333	44087283	一渡新新小镇	4	0	0.00	0.00
2014-08-21	7034363	baidu-房多多-上海8131931	18543186	北京-一渡新新小镇-本地	632240163	品牌词-短语	10738086375	108286984	一渡新新小镇房价	1	0	0.00	0.00
2014-08-21	7034363	baidu-房多多-上海8131931	18543186	北京-一渡新新小镇-本地	632240169	竞品词-精确	10736873174	3378085	原乡美利坚	30	5	9.27	1.85
2014-08-21	7034363	baidu-房多多-上海8131931	18543186	北京-一渡新新小镇-本地	632240169	竞品词-精确	10738098810	12313708	君山高尔夫	3	0	0.00	0.00
2014-08-21	7034363	baidu-房多多-上海8131931	18543186	北京-一渡新新小镇-本地	632240169	竞品词-精确	10736873369	78452310	华银天鹅湖	36	1	2.84	2.84
2014-08-21	7034363	baidu-房多多-上海8131931	18543186	北京-一渡新新小镇-本地	632240169	竞品词-精确	10736873039	89376528	原乡美利坚别墅	1	0	0.00	0.00
2014-08-21	7034363	baidu-房多多-上海8131931	18543186	北京-一渡新新小镇-本地	632240169	竞品词-精确	10736873285	126586661	华银天鹅湖别墅	1	0	0.00	0.00
2014-08-21	7034363	baidu-房多多-上海8131931	18543186	北京-一渡新新小镇-本地	632240169	竞品词-精确	10738004376	371581639	润西山	6	1	1.36	1.36
2014-08-21	7034363	baidu-房多多-上海8131931	18543186	北京-一渡新新小镇-本地	632240169	竞品词-精确	10738004886	694524833	v7西园	3	0	0.00	0.00
2014-08-21	7034363	baidu-房多多-上海8131931	18543186	北京-一渡新新小镇-本地	632240169	竞品词-精确	10738004970	792764326	v7西园房价	1	1	1.91	1.91
2014-08-21	7034363	baidu-房多多-上海8131931	18543186	北京-一渡新新小镇-本地	632240169	竞品词-精确	10738003974	809067930	润西山房价	1	0	0.00	0.00
2014-08-21	7034363	baidu-房多多-上海8131931	18543186	北京-一渡新新小镇-本地	632240169	竞品词-精确	10738098960	852513603	牛驼温泉孔雀城	12	0	0.00	0.00
2014-08-21	7034363	baidu-房多多-上海8131931	18543186	北京-一渡新新小镇-本地	632240169	竞品词-精确	10738004643	919780499	西山艺境	1	0	0.00	0.00
2014-08-21	7034363	baidu-房多多-上海8131931	18543186	北京-一渡新新小镇-本地	632240169	竞品词-精确	10738098492	961910469	领秀翡翠山	2	0	0.00	0.00
2014-08-21	7034363	baidu-房多多-上海8131931	18543186	北京-一渡新新小镇-本地	632240169	竞品词-精确	10738098222	1047038447	望京西府	3	0	0.00	0.00
2014-08-21	7034363	baidu-房多多-上海8131931	18543186	北京-一渡新新小镇-本地	632240169	竞品词-精确	10738004187	1177643511	琨御府	33	3	7.53	2.51
2014-08-21	7034363	baidu-房多多-上海8131931	18543186	北京-一渡新新小镇-本地	632240169	竞品词-精确	10721889280	1718757793	碧桂园九龙湾	3	0	0.00	0.00
2014-08-21	7034363	baidu-房多多-上海8131931	18543186	北京-一渡新新小镇-本地	632240169	竞品词-精确	10738004787	1727732693	琨御府房价	8	1	1.70	1.70
2014-08-21	7034363	baidu-房多多-上海8131931	18543186	北京-一渡新新小镇-本地	632240172	竞品词-短语	10721887882	3378085	原乡美利坚	38	5	4.69	0.94
2014-08-21	7034363	baidu-房多多-上海8131931	18543186	北京-一渡新新小镇-本地	632240172	竞品词-短语	10721887927	4754174	君山高尔夫别墅	1	1	2.66	2.66
2014-08-21	7034363	baidu-房多多-上海8131931	18543186	北京-一渡新新小镇-本地	632240172	竞品词-短语	10721889211	12313708	君山高尔夫	4	0	0.00	0.00
2014-08-21	7034363	baidu-房多多-上海8131931	18543186	北京-一渡新新小镇-本地	632240172	竞品词-短语	10721887699	78452310	华银天鹅湖	32	4	9.53	2.38
2014-08-21	7034363	baidu-房多多-上海8131931	18543186	北京-一渡新新小镇-本地	632240172	竞品词-短语	10721888542	89376528	原乡美利坚别墅	2	1	0.35	0.35
2014-08-21	7034363	baidu-房多多-上海8131931	18543186	北京-一渡新新小镇-本地	632240172	竞品词-短语	10738008126	371581639	润西山	8	2	3.69	1.84
2014-08-21	7034363	baidu-房多多-上海8131931	18543186	北京-一渡新新小镇-本地	632240172	竞品词-短语	10738007595	694524833	v7西园	1	0	0.00	0.00
2014-08-21	7034363	baidu-房多多-上海8131931	18543186	北京-一渡新新小镇-本地	632240172	竞品词-短语	10736885486	852513603	牛驼温泉孔雀城	12	1	3.02	3.02
2014-08-21	7034363	baidu-房多多-上海8131931	18543186	北京-一渡新新小镇-本地	632240172	竞品词-短语	10736885432	877983726	牛驼温泉孔雀城房价	3	0	0.00	0.00
2014-08-21	7034363	baidu-房多多-上海8131931	18543186	北京-一渡新新小镇-本地	632240172	竞品词-短语	10736884115	919780499	西山艺境	28	1	1.84	1.84
2014-08-21	7034363	baidu-房多多-上海8131931	18543186	北京-一渡新新小镇-本地	632240172	竞品词-短语	10736884529	961910469	领秀翡翠山	6	1	2.30	2.30
2014-08-21	7034363	baidu-房多多-上海8131931	18543186	北京-一渡新新小镇-本地	632240172	竞品词-短语	10721889100	1004689872	牛驼温泉孔雀城别墅	8	1	1.28	1.28
2014-08-21	7034363	baidu-房多多-上海8131931	18543186	北京-一渡新新小镇-本地	632240172	竞品词-短语	10736885687	1047038447	望京西府	3	1	0.69	0.69
2014-08-21	7034363	baidu-房多多-上海8131931	18543186	北京-一渡新新小镇-本地	632240172	竞品词-短语	10738007847	1177643511	琨御府	47	2	4.92	2.46
2014-08-21	7034363	baidu-房多多-上海8131931	18543186	北京-一渡新新小镇-本地	632240172	竞品词-短语	10736884793	1215266821	西山艺境楼盘	1	0	0.00	0.00
2014-08-21	7034363	baidu-房多多-上海8131931	18543186	北京-一渡新新小镇-本地	632240172	竞品词-短语	10738008726	1609025299	琨御府楼盘	7	2	3.34	1.67
2014-08-21	7034363	baidu-房多多-上海8131931	18543186	北京-一渡新新小镇-本地	632240172	竞品词-短语	10738007307	1718757793	碧桂园九龙湾	9	3	3.76	1.25
2014-08-21	7034363	baidu-房多多-上海8131931	18543186	北京-一渡新新小镇-本地	632240172	竞品词-短语	10721888593	1727731214	华银天鹅湖 楼盘	1	0	0.00	0.00
2014-08-21	7034363	baidu-房多多-上海8131931	18543186	北京-一渡新新小镇-本地	632240172	竞品词-短语	10738007790	1727732693	琨御府房价	1	1	3.07	3.07
2014-08-21	7034363	baidu-房多多-上海8131931	18543186	北京-一渡新新小镇-本地	632240172	竞品词-短语	10736884826	1727732706	西山艺境 楼盘	2	0	0.00	0.00
2014-08-21	7034363	baidu-房多多-上海8131931	18543186	北京-一渡新新小镇-本地	632240172	竞品词-短语	10738008723	1727732880	琨御府楼盘开盘	4	0	0.00	0.00
2014-08-21	7034363	baidu-房多多-上海8131931	18543186	北京-一渡新新小镇-本地	632240172	竞品词-短语	10738007409	1727732945	碧桂园九龙湾 新盘	1	1	2.09	2.09
2014-08-21	7034363	baidu-房多多-上海8131931	18543186	北京-一渡新新小镇-本地	632240178	区域词-精确	10738012470	4110873	房山区楼盘	1	1	2.88	2.88
2014-08-21	7034363	baidu-房多多-上海8131931	18543186	北京-一渡新新小镇-本地	632240178	区域词-精确	10738011255	16217382	房山区 买房	1	0	0.00	0.00
2014-08-21	7034363	baidu-房多多-上海8131931	18543186	北京-一渡新新小镇-本地	632240178	区域词-精确	10738011360	29552985	房山区房价	7	0	0.00	0.00
2014-08-21	7034363	baidu-房多多-上海8131931	18543186	北京-一渡新新小镇-本地	632240178	区域词-精确	10738011159	434151110	房山区的房价	4	1	3.92	3.92
2014-08-21	7034363	baidu-房多多-上海8131931	18543186	北京-一渡新新小镇-本地	632240178	区域词-精确	10738010985	1479054669	房山区在售楼盘	1	0	0.00	0.00
2014-08-21	7034363	baidu-房多多-上海8131931	18543186	北京-一渡新新小镇-本地	632240178	区域词-精确	10738012422	1727733130	房山区的学区房	1	0	0.00	0.00
2014-08-21	7034363	baidu-房多多-上海8131931	18543186	北京-一渡新新小镇-本地	632240181	区域词-短语	10738019508	4110873	房山区楼盘	7	0	0.00	0.00
2014-08-21	7034363	baidu-房多多-上海8131931	18543186	北京-一渡新新小镇-本地	632240181	区域词-短语	10738019349	29552982	房山区 楼盘	2	0	0.00	0.00
2014-08-21	7034363	baidu-房多多-上海8131931	18543186	北京-一渡新新小镇-本地	632240181	区域词-短语	10738019583	29552985	房山区房价	42	1	1.54	1.54
2014-08-21	7034363	baidu-房多多-上海8131931	18543186	北京-一渡新新小镇-本地	632240181	区域词-短语	10738012410	30702457	房山区新楼盘	9	0	0.00	0.00
2014-08-21	7034363	baidu-房多多-上海8131931	18543186	北京-一渡新新小镇-本地	632240181	区域词-短语	10738011468	40252572	房山区最新楼盘	4	1	1.61	1.61
2014-08-21	7034363	baidu-房多多-上海8131931	18543186	北京-一渡新新小镇-本地	632240181	区域词-短语	10738018557	96318907	房山区楼盘信息	2	0	0.00	0.00
2014-08-21	7034363	baidu-房多多-上海8131931	18543186	北京-一渡新新小镇-本地	632240181	区域词-短语	10738012365	102844859	房山区新开楼盘	19	1	2.68	2.68
2014-08-21	7034363	baidu-房多多-上海8131931	18543186	北京-一渡新新小镇-本地	632240181	区域词-短语	10738011459	181719230	房山区最新房价	32	1	1.45	1.45
2014-08-21	7034363	baidu-房多多-上海8131931	18543186	北京-一渡新新小镇-本地	632240181	区域词-短语	10738018446	205008166	房山区房源	10	1	2.01	2.01
2014-08-21	7034363	baidu-房多多-上海8131931	18543186	北京-一渡新新小镇-本地	632240181	区域词-短语	10738011489	205014162	房山区别墅	9	1	1.84	1.84
2014-08-21	7034363	baidu-房多多-上海8131931	18543186	北京-一渡新新小镇-本地	632240181	区域词-短语	10738019571	205017171	房山区房产网	1	0	0.00	0.00
2014-08-21	7034363	baidu-房多多-上海8131931	18543186	北京-一渡新新小镇-本地	632240181	区域词-短语	10738019496	270845033	房山区楼盘价格	1	0	0.00	0.00
2014-08-21	7034363	baidu-房多多-上海8131931	18543186	北京-一渡新新小镇-本地	632240181	区域词-短语	10738018461	427555474	房山区别墅出售	1	1	2.04	2.04
2014-08-21	7034363	baidu-房多多-上海8131931	18543186	北京-一渡新新小镇-本地	632240181	区域词-短语	10738018398	434151110	房山区的房价	3	0	0.00	0.00
2014-08-21	7034363	baidu-房多多-上海8131931	18543186	北京-一渡新新小镇-本地	632240181	区域词-短语	10738011423	631968435	房山区新楼盘房价	2	0	0.00	0.00
2014-08-21	7034363	baidu-房多多-上海8131931	18543186	北京-一渡新新小镇-本地	632240181	区域词-短语	10738019502	703411593	房山区酒店式公寓	1	0	0.00	0.00
2014-08-21	7034363	baidu-房多多-上海8131931	18543186	北京-一渡新新小镇-本地	632240181	区域词-短语	10738019553	1430267694	房山区的别墅	2	0	0.00	0.00
2014-08-21	7034363	baidu-房多多-上海8131931	18543186	北京-一渡新新小镇-本地	632240181	区域词-短语	10738011486	1479054669	房山区在售楼盘	3	0	0.00	0.00
2014-08-21	7034363	baidu-房多多-上海8131931	18543186	北京-一渡新新小镇-本地	632240181	区域词-短语	10738018443	1479054825	房山区高端楼盘	1	0	0.00	0.00
2014-08-21	7034363	baidu-房多多-上海8131931	18543186	北京-一渡新新小镇-本地	632240181	区域词-短语	10738018437	1479054907	房山区高档楼盘	2	0	0.00	0.00
2014-08-21	7034363	baidu-房多多-上海8131931	18543186	北京-一渡新新小镇-本地	632240181	区域词-短语	10738019541	1479054911	房山区好的楼盘	3	0	0.00	0.00
2014-08-21	7034363	baidu-房多多-上海8131931	18543186	北京-一渡新新小镇-本地	632240181	区域词-短语	10738018512	1479055156	房山区新房房价	6	0	0.00	0.00
2014-08-21	7034363	baidu-房多多-上海8131931	18543186	北京-一渡新新小镇-本地	632240181	区域词-短语	10738011471	1480549958	房山区最新楼盘信息	1	0	0.00	0.00
2014-08-21	7034363	baidu-房多多-上海8131931	18543186	北京-一渡新新小镇-本地	632240181	区域词-短语	10738018488	1727733017	房山区房价多少	3	0	0.00	0.00
2014-08-21	7034363	baidu-房多多-上海8131931	18543186	北京-一渡新新小镇-本地	632240181	区域词-短语	10738019352	1727733037	房山区 新房房价	1	1	2.20	2.20
2014-08-21	7034363	baidu-房多多-上海8131931	18543186	北京-一渡新新小镇-本地	632240181	区域词-短语	10738011495	1727733052	房山区新盘房价	1	0	0.00	0.00
2014-08-21	7034363	baidu-房多多-上海8131931	18543186	北京-一渡新新小镇-本地	632240181	区域词-短语	10738018482	1727733061	房山区房价 走势	1	0	0.00	0.00
2014-08-21	7034363	baidu-房多多-上海8131931	18543186	北京-一渡新新小镇-本地	632240181	区域词-短语	10738019355	1727733115	房山区 新开盘	3	0	0.00	0.00
2014-08-21	7034363	baidu-房多多-上海8131931	18543186	北京-一渡新新小镇-本地	632240181	区域词-短语	10738019520	1727733121	房山区房屋价格	3	0	0.00	0.00
2014-08-21	7034363	baidu-房多多-上海8131931	18543186	北京-一渡新新小镇-本地	632240181	区域词-短语	10738018494	1727733142	房山区房产网站	1	0	0.00	0.00
